projection_1,projection_2,projection_method,subtype_id,subtype,Luminal subtype signature,HER2-enriched subtype signature,Basal-like subtype signature
7.0232387,7.3008895,PCA,2,HER2-enriched,-0.5644141570913579,0.8169385921091377,-0.44820218051373506
-5.3554688,3.7415462,PCA,4,Normal-like,-0.36191604093374286,-0.25625707591622426,0.3791021990643047
0.2297639,-5.380617,PCA,0,Luminal A,1.1702504581537794,-0.024380368676916245,-0.39883002088633823
-5.783795,-3.852337,PCA,3,Basal-like,-0.12547588543623145,-0.06407582980502224,0.7755504994703566
21.105156,1.7004375,PCA,1,Luminal B,1.7110176948548497,0.827760360380848,-1.759560289326652
-5.7633805,0.15043688,PCA,3,Basal-like,-0.6239060697144714,0.35917013552693045,-0.18994522434575448
-5.1491456,-4.4199743,PCA,3,Basal-like,-0.7157651268899452,-0.23310726090421313,0.37030418734547454
24.012707,2.8657908,PCA,1,Luminal B,1.6579767920536335,1.0702841032742019,-1.5480436282070764
13.608423,-1.8263118,PCA,1,Luminal B,1.699484114150371,0.3157396828904087,-1.2387645853588918
-7.70035,0.3602209,PCA,3,Basal-like,-0.9658088101233118,-0.6093203277468813,1.1895045054602165
20.780437,2.0084157,PCA,1,Luminal B,1.3403580995516602,0.9669722169033158,-1.4174709755180759
-5.9420805,-2.9022608,PCA,3,Basal-like,-0.4609240011398001,0.12563433003080987,0.7355412229813344
2.5604706,-4.0681953,PCA,0,Luminal A,0.9409103921841847,-0.09853156117345326,0.022878481720430374
23.005096,2.1072345,PCA,1,Luminal B,1.5073519353245604,1.0552841629598453,-1.4044732878200277
-1.3888947,-5.420052,PCA,3,Basal-like,0.28038551118179456,-0.2005452385639561,0.3808478756648402
1.9236232,-4.4259725,PCA,0,Luminal A,0.6607308029632897,-0.4145244239131079,-0.036027105828267875
-2.7705972,-5.9819965,PCA,3,Basal-like,0.28793577293414874,0.9329141313199947,-0.27647582320124864
9.315581,4.4909196,PCA,2,HER2-enriched,-0.467369064149069,0.9212758740734632,-1.2600383899958705
-5.807162,4.9433694,PCA,3,Basal-like,-0.6774223090671758,0.38302246722538685,0.05146337395342336
-4.6906238,8.029829,PCA,4,Normal-like,-0.5040428664711822,-0.13834316106550842,-0.1699759201739707
1.1905235,-5.2912865,PCA,0,Luminal A,0.7839519878315431,-0.10785851640618559,0.1742173662618783
1.0769631,-4.3365397,PCA,1,Luminal B,0.21345970630291042,-0.5011509813681496,-0.25370006589430905
0.7546303,-4.971539,PCA,3,Basal-like,1.076074932237347,0.10054199541328893,-0.7889551941626912
-4.8746843,8.575359,PCA,4,Normal-like,-0.9085706702199277,-0.15520737947775412,-0.15372337193690944
3.5386453,-4.1001334,PCA,0,Luminal A,1.2712104696525677,0.37362709096399477,-0.3973175184607274
1.1836339,-4.661829,PCA,4,Normal-like,1.0513949422856097,-0.23078870809039354,0.032508808932576405
-5.8170767,-3.7650228,PCA,3,Basal-like,-0.3841974322382315,-0.41945862257767236,0.7294236219946391
-5.334053,9.406887,PCA,4,Normal-like,-0.7600527960570631,0.2987690750300288,0.28411769131458703
-6.6358714,7.768883,PCA,4,Normal-like,-0.8596164112382018,-0.054165918161229495,1.1071661370715282
1.066006,-4.7505355,PCA,0,Luminal A,1.0829925749297993,-0.14151534764329848,0.17996395963001477
0.6114372,-5.1785994,PCA,0,Luminal A,0.7136333095312918,-0.3225478313702076,-0.2870737226773482
19.94865,0.792336,PCA,1,Luminal B,1.5841603260369885,0.9619736547903015,-1.3403004080856031
-6.219036,6.8595195,PCA,4,Normal-like,-0.8614112659781997,-0.14312128788502432,0.5169499110076887
-0.33058563,-5.242099,PCA,3,Basal-like,1.020056642326938,0.3988887903047026,0.10097473831207575
0.9102558,-5.2130117,PCA,0,Luminal A,0.6231472005684464,0.5641161807948484,-0.3009102164667197
-6.378472,1.7945032,PCA,3,Basal-like,-0.6360657955200318,-0.48351716946100187,0.4205067642674185
20.671755,1.3868175,PCA,1,Luminal B,0.5261588651135765,1.072961373462339,-1.685034188797954
-1.4484178,6.91396,PCA,4,Normal-like,-0.4008314646779169,0.6540229449216124,-0.28722535600640997
-0.079024255,-5.092124,PCA,0,Luminal A,0.7027277576173598,-0.2996039396550771,0.14827203505715156
-7.695792,1.5965853,PCA,3,Basal-like,-0.8832550448771965,-0.2803676090667988,1.3257217019399399
0.30961975,-4.7898464,PCA,1,Luminal B,0.8494927735443374,-0.2847307122403867,-0.501954445116064
0.60423446,-4.7367225,PCA,4,Normal-like,0.6073103851328946,-0.25107325102278655,-0.3158083725195557
-3.356043,-4.8899693,PCA,3,Basal-like,0.3894041567654527,-0.27263393349140774,-0.06403021976046061
-1.6351798,-5.6227064,PCA,3,Basal-like,0.30074596214424654,-0.7833478374081146,-0.8221858762307613
9.534993,5.1757283,PCA,2,HER2-enriched,0.07325236590321646,2.291119998453478,-0.4649346381211294
-4.6697097,-4.825035,PCA,3,Basal-like,-0.001873567392125207,0.19388128995854645,0.061417712220970255
2.1382968,-4.2536526,PCA,0,Luminal A,0.8263643356844828,-0.15480558408629044,0.42863967603158026
-2.4439478,6.9431663,PCA,2,HER2-enriched,-0.8751134214600954,1.3739863270027763,-0.018270801107429555
-6.0791497,-2.9805124,PCA,3,Basal-like,-0.6510743267484191,-0.5908736056749314,0.75690980515647
-5.7693872,10.8028145,PCA,4,Normal-like,-0.6803098943971227,-0.23009443766981363,-0.27061947087220356
-7.1345124,3.5251966,PCA,3,Basal-like,-0.6805171182952929,-0.4144666792406152,0.950153692301069
-0.49277312,-5.5095105,PCA,3,Basal-like,1.012921637458285,-0.3445575895618431,-0.4444895944457724
17.137932,0.5311799,PCA,1,Luminal B,0.11782042244566468,-0.021966143072213284,-1.2641725395215686
19.85209,2.05617,PCA,1,Luminal B,1.2669196875484243,0.8171010562358557,-1.3851744700967576
-5.9193687,-2.5287147,PCA,3,Basal-like,-0.5541400997614105,-0.10328339765667854,0.9986566070269959
20.474215,1.1165557,PCA,1,Luminal B,2.000690905243363,1.7459590868713994,-1.9861061610254112
20.001415,1.2132535,PCA,1,Luminal B,1.534638464891511,1.298678543324103,-1.3610824516555002
-6.354267,9.303406,PCA,4,Normal-like,-1.3384149951920834,-0.08054501572362813,0.9038787601312769
-7.8702483,1.5889125,PCA,3,Basal-like,-1.2738828671837914,-1.429204887982311,1.0163215105395542
-5.3656425,-3.8120465,PCA,3,Basal-like,-0.4996648361643733,-0.41199564106775566,0.6361153149704214
-5.7307434,2.2375636,PCA,4,Normal-like,-0.9433982127997463,0.08056550003226491,0.18803472771058583
-6.140913,11.947002,PCA,4,Normal-like,-0.5881790393838329,-0.33294712680945715,0.3794584273487312
-6.0618415,-3.1879191,PCA,3,Basal-like,-0.4328385810703135,-0.6282468330990121,0.5227983228846822
-7.1482906,9.904955,PCA,4,Normal-like,-1.0420238685835455,-0.018140044473382883,1.00673193645448
-5.368186,-3.68847,PCA,3,Basal-like,-0.5821977506832046,0.2556868848678556,0.45988603720630084
10.215795,6.3037305,PCA,2,HER2-enriched,-0.4310427038785868,1.6636574787050784,-0.8118468021098906
-3.3007388,-1.744113,PCA,3,Basal-like,0.07642300644809878,-0.0033585318079535735,0.9744599818614859
-6.3467298,-2.349306,PCA,3,Basal-like,-0.7638483059020071,-0.23417244454902933,0.41184896645054014
0.11448121,-4.954634,PCA,3,Basal-like,0.6648029424289865,-0.11228125433597637,0.016800650465565455
-3.3581676,-4.2594533,PCA,3,Basal-like,0.20772826130162214,-0.30780350060600686,0.6972528896170739
-4.653075,-4.169262,PCA,3,Basal-like,-0.21666550789792624,-0.39004137056517724,0.566337505859872
-0.012800813,-5.328796,PCA,3,Basal-like,1.0273278534691561,-0.26117851108826334,-0.22147000172398812
22.876253,1.8257885,PCA,1,Luminal B,1.711969651930705,1.0470872456754245,-2.0003061955150327
2.6487472,-3.6818929,PCA,0,Luminal A,0.5235614787210917,-0.6306235991259315,-0.6584117135306456
2.8721972,5.533468,PCA,2,HER2-enriched,-0.12300950044093342,1.1519587338461008,-0.9799209351320775
-7.247281,-0.6933217,PCA,3,Basal-like,-1.0146661763330338,-0.9347908919227009,0.7007721995558692
-5.387848,-4.337325,PCA,3,Basal-like,-0.24808452947878482,0.10306223161910502,0.4229987459748258
-8.743923,2.2731342,PCA,3,Basal-like,-0.7529663752254948,-0.5817326348128056,0.8948615200686793
-0.102843195,-5.293984,PCA,3,Basal-like,0.9507800502246314,-0.24143887135137823,-0.04539059372794173
-4.719508,-4.7755775,PCA,3,Basal-like,-0.12154244464745183,-0.4527646773789508,0.4953599185365606
-6.433073,6.6974483,PCA,4,Normal-like,-0.8251130772584073,-0.2681238237966723,0.8960043824134836
-6.0559435,-3.335068,PCA,3,Basal-like,-0.3050956312768792,-0.4905611373772447,0.4267663222754303
0.78517723,-4.921999,PCA,3,Basal-like,0.9409103921841847,-0.09853156117345326,0.022878481720430374
-6.6812625,4.31673,PCA,3,Basal-like,-0.78438142326289,-0.5415661137840578,0.49255768504405717
-6.1222825,-2.42853,PCA,3,Basal-like,-0.5622804128157458,-0.41664806676486077,0.5665774935064513
-6.238587,7.941831,PCA,4,Normal-like,-1.0470902086808542,-0.471750513619385,0.9580010109052368
-5.001854,-4.1417174,PCA,3,Basal-like,-0.1496711817740035,-0.6552465937526477,0.5843712921863179
-4.905152,-3.5667582,PCA,3,Basal-like,-0.12639909204746402,-0.7016370857659737,0.3033250828224332
-7.5218453,10.760286,PCA,3,Basal-like,-0.8600381467319717,-0.19054273133972555,0.798463921726512
9.824011,5.944594,PCA,2,HER2-enriched,-0.13487129345451815,1.8495420205939543,-0.6906691374287122
-1.767139,-5.880859,PCA,3,Basal-like,0.9210967548663691,0.21155302106055213,-0.13531621285296103
-4.977528,7.78608,PCA,4,Normal-like,-0.8089834813797021,-0.30931111614545836,-0.07231754246137505
-7.6137743,-0.57750463,PCA,3,Basal-like,-0.5968885357347469,-0.8919661549520749,0.7047596071106146
-6.5449777,-1.7235725,PCA,3,Basal-like,-0.9437458874860856,-0.3331982275385701,1.1064412371516377
-5.215226,-4.0597663,PCA,3,Basal-like,-0.23109321456452533,-0.23606044320697034,1.1013817963540222
-7.671603,4.2330127,PCA,3,Basal-like,-0.9604158433887393,-0.6948357860096593,0.9512555405631308
-7.833719,1.1556082,PCA,3,Basal-like,-0.8086591314228648,-0.7719630226072286,0.972159810424409
22.72788,3.0044131,PCA,1,Luminal B,0.9935496658417645,0.7961589203693096,-1.6183336611733772
-4.050726,-4.9506264,PCA,3,Basal-like,0.25615028384436916,-0.31757291704624385,0.45886001206539656
0.40884843,-4.9905396,PCA,4,Normal-like,1.1845903795201769,0.15004105326478878,-0.8267621452011874
-5.5222883,2.5890803,PCA,3,Basal-like,-0.6771102584078073,-0.6528394367599987,1.4061281689730298
-6.010887,1.0913482,PCA,3,Basal-like,-0.38284239050846447,0.12210843279311667,0.25502952674753976
-5.7499037,-2.501109,PCA,3,Basal-like,-0.2826644403584312,-0.5707368687111778,1.0375615337428794
23.163559,2.040073,PCA,1,Luminal B,1.3055384430163288,1.283831325086021,-1.4412159735177672
2.7661347,-3.6332488,PCA,0,Luminal A,0.21345970630291042,-0.5011509813681496,-0.25370006589430905
14.834842,-0.30617952,PCA,1,Luminal B,0.2078390911977061,0.801597497554493,-1.3543625316406325
10.928955,-2.4041162,PCA,0,Luminal A,1.8305745589327405,0.5649302763288252,-1.2604017434832089
-4.583466,6.8914704,PCA,4,Normal-like,-0.6316943293479722,0.08307502435059416,0.038192228420763995
-4.589927,-3.299944,PCA,3,Basal-like,-0.731414206795958,0.17204666638045746,0.7289216942960167
2.0061772,-4.296824,PCA,3,Basal-like,1.098779909102812,-0.23763116241496499,-0.7843401846025617
3.9636974,-4.231375,PCA,1,Luminal B,0.9220446583122026,-0.04006717063217556,-0.3740688721066737
0.6232877,-4.730325,PCA,0,Luminal A,0.680261661184532,-0.2723236331000678,-0.18415870288052125
-5.518856,-1.8488846,PCA,3,Basal-like,-0.8479894822906027,0.05754541384012879,0.4093905754206299
22.20826,1.5395169,PCA,1,Luminal B,2.0950427541581806,0.8242190330767492,-1.4283171439981848
-6.95307,12.844681,PCA,4,Normal-like,-0.982578164860216,-0.14613452499498497,0.4895757094516528
-5.558935,-2.8807971,PCA,3,Basal-like,-0.5994935896101099,-0.3923545714323792,-0.5399681261557417
-3.6468616,-3.917707,PCA,3,Basal-like,-0.022626759200267882,-0.3406014551086774,0.7595808747420628
2.0605528,-4.1047573,PCA,2,HER2-enriched,1.0666330643898454,-0.06131438620078307,-0.791110400879108
21.385458,1.5913076,PCA,1,Luminal B,0.9600880267977557,0.856383662385508,-1.897945443053778
-7.287867,-0.21931887,PCA,3,Basal-like,-1.3002234603822898,-0.9240802063388922,0.43138389385007797
1.9586154,-3.882872,PCA,2,HER2-enriched,0.6583729610035735,-0.3733008639072946,-0.5398017867972812
-3.3168755,-5.1952314,PCA,3,Basal-like,0.3801116357002965,-0.3324969378029945,0.3802933682275593
-0.95138156,-4.4519405,PCA,3,Basal-like,-0.35466901458724537,-0.6220641839901025,-0.7782338653330908
-7.0460434,3.4942822,PCA,4,Normal-like,-0.9290407597595576,-0.2509037578686813,0.5146221648452575
1.6428959,-4.1707134,PCA,0,Luminal A,0.9018741976592862,-0.2841604229893292,-0.2956897655528097
-2.2470295,-6.1724815,PCA,3,Basal-like,0.4504176006443007,0.5644094926295677,0.5838775868713617
-5.380083,-2.7443264,PCA,3,Basal-like,-0.2736085408159474,0.03306657814438775,0.697998686678376
34.477562,6.2481217,PCA,1,Luminal B,1.7407562883996783,1.0876720780035316,-1.474974317003216
16.286104,-0.16145372,PCA,1,Luminal B,1.3923419889860613,0.771568589844605,-1.0108996770732612
23.022476,2.4783516,PCA,1,Luminal B,1.6160913951307356,1.1709364985955748,-1.531038048058195
16.916872,-0.4349332,PCA,1,Luminal B,1.6276366777424194,0.8433060439403288,-1.7013346281190103
-7.297542,7.3643966,PCA,4,Normal-like,-0.6030986369868075,-0.6683594179482378,-0.20646974913340835
-4.425748,-4.0444813,PCA,3,Basal-like,-0.21753098757812947,-0.5321737907526974,0.8591713442312643
-5.495327,9.546873,PCA,4,Normal-like,-1.2280978553858288,0.346442189409322,0.21759815014384595
-2.3582091,-5.529747,PCA,3,Basal-like,-0.27903426654074964,-0.9112561305974461,-1.0368235420944873
-6.6596065,10.849377,PCA,4,Normal-like,-1.1023905530366735,-0.6050665439315052,-0.02798601282353022
-3.7068923,-4.045937,PCA,3,Basal-like,-0.3972549199345986,-0.14959042810203058,0.11304447620290442
-1.8726736,-5.086546,PCA,3,Basal-like,-0.23993642703106774,-0.7669947332505922,-0.9051293127056413
-5.2100625,1.4887381,PCA,4,Normal-like,-0.5328315190026207,0.23215847120860536,0.2877795593657534
0.37281927,-4.9113536,PCA,3,Basal-like,-0.3422104439565459,-0.9877457280590627,-0.7610343138770419
-4.99536,-4.10927,PCA,3,Basal-like,-0.3586210340586113,-0.47816813767983696,0.3766461508254353
-6.7495008,7.4229665,PCA,4,Normal-like,-1.137346910130197,-0.4483572154144005,0.8901345670710752
0.64595497,-4.857644,PCA,3,Basal-like,0.8592795601091996,0.0023925182815196858,-0.13101837086691104
2.5563884,-4.0937576,PCA,0,Luminal A,1.1968558700538607,-0.0574368055020899,-0.3251172615439454
-4.35734,-5.1355963,PCA,3,Basal-like,-0.05552544737831171,-0.46573828900971637,0.858868652965464
-5.9472327,8.930098,PCA,4,Normal-like,-0.9285527877650381,-0.3412355431025923,0.009411480715045356
20.766676,1.5633645,PCA,1,Luminal B,0.8350871978245549,1.1258581866168214,-1.6315305836903167
-5.9790063,-3.3562672,PCA,3,Basal-like,-0.5520597429791079,-0.588685245769339,0.8935209690544073
2.6862662,-3.6292634,PCA,0,Luminal A,1.099906137485682,-0.18767323683783066,-0.521682303655359
25.823298,3.9199338,PCA,1,Luminal B,2.2348291173901593,1.031776924974588,-1.8083977334158563
-6.4113364,-2.3805692,PCA,3,Basal-like,-0.4815835665827214,-0.3695708404976521,0.846738920631136
1.3719265,-4.75298,PCA,0,Luminal A,1.012921637458285,-0.3445575895618431,-0.4444895944457724
-3.7578745,-5.8882504,PCA,3,Basal-like,0.2399002731010138,-0.4094128253907448,0.17550474615373843
19.671257,0.6846843,PCA,1,Luminal B,1.0616301730184932,1.183354618991307,-1.0677898902376066
1.4381154,-4.3309674,PCA,0,Luminal A,0.7509058043268996,0.095324766765466,-0.1593244102124286
-3.9906907,-4.8774495,PCA,3,Basal-like,-0.37087266261736523,-0.48238777942071753,0.5340668126339555
-7.146986,1.0149326,PCA,3,Basal-like,-0.7210002358339902,-0.42102203280200284,0.9707956104616073
-4.8490114,-4.5191836,PCA,3,Basal-like,-0.012919280875971634,-0.40867124350805545,-0.08035736508240883
21.965939,1.6042609,PCA,1,Luminal B,1.8151883965620828,0.7331447263546099,-1.7160213856888762
1.3164012,-4.774185,PCA,0,Luminal A,0.9753789844253107,-0.30391958965005994,0.03406050205400817
3.4571626,-3.6284156,PCA,2,HER2-enriched,0.9441838892549833,0.5786519205134293,-0.3797087490136217
-3.8836553,8.787748,PCA,4,Normal-like,-0.8490872335399149,0.34635228027809656,0.04761008410846716
-7.435352,5.8998313,PCA,3,Basal-like,-1.1924055787902064,-0.5886549727774828,0.8893174955285461
14.516073,-1.1180606,PCA,1,Luminal B,1.025048496220726,0.9618630377686683,-1.1840100100811652
-6.258531,0.3305912,PCA,3,Basal-like,-0.8416604355164834,-0.14148873701366882,0.5928831028355411
1.7505101,-4.097842,PCA,3,Basal-like,0.42334489836996575,-0.5447286768051198,-0.6353532147461803
21.656097,1.1720247,PCA,1,Luminal B,2.06860653998277,-0.009769765921694762,-1.8387723392253432
21.49218,1.2818675,PCA,1,Luminal B,1.4291768696991498,1.037034177310994,-1.7807327249851803
-6.8868523,3.6756644,PCA,3,Basal-like,-1.0869727130878735,-0.47864209197602114,1.0035406066126435
20.012438,2.07733,PCA,1,Luminal B,1.4697063666522607,0.5248453376332847,-1.6833508101878865
-5.7663665,-2.7331882,PCA,3,Basal-like,-0.33469021460067483,0.022415841959649324,0.3950225977079051
-2.340964,-4.7736197,PCA,3,Basal-like,-0.23689248056371576,-1.0300045105398181,-0.9092377640880283
-7.6256576,0.6790395,PCA,3,Basal-like,-0.661119428173017,-0.6958802764392662,0.8221399948503588
-6.1671076,3.0143714,PCA,3,Basal-like,-0.735454240488234,0.04069655683989307,0.9294413844160804
-5.534901,-4.1728497,PCA,3,Basal-like,-0.8707613001906005,-0.5557673034847109,1.0376639288592973
0.559129,-4.764853,PCA,1,Luminal B,0.702963658015044,-0.2993582661166934,-0.054118137259304026
-5.5626016,-4.180604,PCA,3,Basal-like,0.09354378958057233,-0.04238019806973131,0.9492622765209802
-4.295044,-4.5055237,PCA,3,Basal-like,-0.5148979182845922,-0.229265773408254,0.41367703315539617
-4.935032,13.492603,PCA,4,Normal-like,-0.7714449882333622,0.3588535233015753,0.12231984826833653
-3.51084,-4.078163,PCA,3,Basal-like,0.1653790191349688,-0.4506138875482788,0.9897297076176743
-5.221092,11.7953415,PCA,4,Normal-like,-0.8304932514354462,0.23307007170727106,0.24035580876452536
-7.0433125,-1.3531723,PCA,3,Basal-like,-1.233596093299656,-0.7339398754837517,-0.07112055129983388
-5.8223457,-2.9778166,PCA,3,Basal-like,-0.8524180464416667,-0.37935123420807615,0.8062582537656642
5.562089,-3.757306,PCA,0,Luminal A,1.2225876111146905,0.1366576938670968,-0.6349307006209299
-7.559391,5.009933,PCA,4,Normal-like,-1.1392625934652514,-0.6369991410656863,0.7190089242214561
-5.3966045,10.8101845,PCA,4,Normal-like,-1.101466936544465,0.11689522961277594,-0.23945120240241718
-6.933065,-1.6875398,PCA,3,Basal-like,-1.2613200710740877,-1.0056810585130156,0.32731650470616364
16.865202,1.0919456,PCA,1,Luminal B,0.6164128777377118,1.2231431469502811,-1.2567203626792622
-5.440832,-4.5526342,PCA,3,Basal-like,-0.22313494055194474,-0.4259820639293015,0.7823959581694416
-7.217102,6.341326,PCA,4,Normal-like,-1.0201818947515384,-0.8292916602864817,-0.0283394792202927
-4.7648273,-4.826414,PCA,3,Basal-like,-0.009961001928664379,-0.7779179628557745,0.4828391629354352
-8.198586,12.751057,PCA,4,Normal-like,-0.899217380175279,-0.18975988119347365,0.5655563336002134
-4.925183,-4.888195,PCA,3,Basal-like,-0.2136760171374883,0.1163140101906309,0.9429266434239375
0.95685005,-4.630542,PCA,0,Luminal A,0.8616406696899784,-0.16912372255588465,-0.06595140752502804
-6.368945,1.5719633,PCA,3,Basal-like,-0.35350839135443923,-0.2149069783155636,0.5058013057354144
-4.611018,8.995871,PCA,4,Normal-like,-0.9179564780322113,0.7265942615358486,0.07420369252797779
-4.2734194,-4.319254,PCA,3,Basal-like,-0.12209675943032086,-0.3190749016496094,0.49330618851130614
-6.220169,2.9648423,PCA,3,Basal-like,-1.1635567628755383,-0.0787997874312043,1.0663562063164163
-7.708538,1.4691806,PCA,3,Basal-like,-1.318914258486326,-0.6592491871547821,0.8739863051423742
30.149475,5.8525205,PCA,1,Luminal B,1.304350397773474,1.321062636374721,-1.5575545817965493
22.639801,3.6094375,PCA,1,Luminal B,1.2282596637114396,1.5778595855934845,-1.5684761321029763
18.162521,0.021701813,PCA,1,Luminal B,1.7448752833655654,1.6892333979081187,-1.1562331712773244
-5.650742,-3.4891708,PCA,3,Basal-like,-0.461340217291494,-0.6535389245639838,0.3760285079653337
-5.0149536,-3.7511451,PCA,3,Basal-like,-0.3832483842216493,-0.21818783024776725,0.7589292844520653
-3.5099561,-3.0701022,PCA,3,Basal-like,-0.0760051691516077,0.034210315117755324,0.4624429425611141
-6.6262083,-0.67286825,PCA,3,Basal-like,-0.44738366145125935,-0.2842991579127672,0.9541940345952716
-5.639421,-2.1034794,PCA,3,Basal-like,-0.3975048797938019,-0.28461301639505526,0.32795279624300266
0.51791584,-5.159582,PCA,3,Basal-like,1.2590892650074648,1.836239082665756e-05,-0.515807607893243
-6.821649,-1.0924711,PCA,3,Basal-like,-0.8921017494918452,-0.23614454770241106,0.9116742343587816
1.6559612,-4.6533394,PCA,0,Luminal A,0.9507800502246314,-0.24143887135137823,-0.04539059372794173
-6.726284,-1.3774486,PCA,3,Basal-like,-0.9227311098575572,-0.2637175083323986,0.6822861723945038
-6.907473,4.4048066,PCA,3,Basal-like,-1.2627716694316184,-0.11945222316957652,0.8426391000803184
-5.0932584,-4.5368714,PCA,3,Basal-like,-0.21885751378592655,-0.8043733529705748,0.7904600469544335
-7.1841154,5.0832305,PCA,4,Normal-like,-1.1078600699995824,-0.23193780902115002,0.8423455110371455
25.271713,2.4388704,PCA,1,Luminal B,1.5447507518367387,1.3198613245387323,-1.2617572539144648
-3.709381,-5.849706,PCA,3,Basal-like,0.4072502106792516,-0.2680011650993013,0.59228824692366
-3.8386621,-4.665448,PCA,3,Basal-like,0.35029951983319796,-0.1975153732662763,0.8772630897291644
-2.356709,-5.4080024,PCA,3,Basal-like,-0.017099794506319682,-0.8537223260126365,-0.642792852128323
-5.865141,-3.6774607,PCA,3,Basal-like,-0.44148379635790436,-0.5446986530313414,1.0247334191383064
-3.5426629,5.7371144,PCA,4,Normal-like,-0.4765447282821995,0.12021437025137599,-0.020321846881401873
-7.0304694,-1.3888083,PCA,3,Basal-like,-0.8971697134286988,-0.9774720259130752,0.7254942856939931
-8.75825,7.776012,PCA,3,Basal-like,-1.0419516892935536,-0.35076444333818785,1.0002668412287743
-4.925512,-4.3361044,PCA,3,Basal-like,-0.07898472976658087,-0.35851644719028536,0.6354029096128869
-4.5918446,10.081829,PCA,4,Normal-like,-0.3676801085140021,0.12643863464324004,-0.2476345877383674
0.8822415,-4.569912,PCA,0,Luminal A,1.0064545331563581,-0.3680685579521369,-0.4095063285918785
2.5245883,9.470747,PCA,2,HER2-enriched,-0.702224468006197,1.0735989107003194,-0.18209269744226733
-4.9347806,-2.8777413,PCA,3,Basal-like,-0.1697105722436453,-0.07342701398755325,0.8611771573497683
-0.65894413,-5.7581735,PCA,3,Basal-like,0.6607308029632897,-0.4145244239131079,-0.036027105828267875
21.403503,1.5796065,PCA,1,Luminal B,1.8001854240573973,0.7239678077814076,-1.6412732231514613
-6.9551272,0.45178938,PCA,3,Basal-like,-0.44928636362993796,-0.16649410729986372,0.9801390539450965
-5.4212766,-2.4011128,PCA,3,Basal-like,-0.6402329956391379,-0.44108300666589945,0.4417042182780442
4.166017,-4.2828436,PCA,1,Luminal B,-0.25579219592640334,-0.06970869688908986,-1.363610860822191
19.811577,0.34776354,PCA,1,Luminal B,1.3073721182782865,1.0672100676656815,-1.313245166638055
0.5779896,-4.6617885,PCA,1,Luminal B,0.9655034619027082,-0.30756298806009513,-0.3726210632296406
2.1465483,-4.7074156,PCA,0,Luminal A,0.6310587662150092,-0.21015977733585725,-0.04102499835247661
3.654075,-3.4783697,PCA,0,Luminal A,0.9441838892549833,0.5786519205134293,-0.3797087490136217
-7.797075,2.0847821,PCA,3,Basal-like,-0.5176108385582785,-0.8067982918388292,0.74653100872873
-1.1419435,-5.4429655,PCA,3,Basal-like,0.680261661184532,-0.2723236331000678,-0.18415870288052125
-0.7664267,-5.4126663,PCA,4,Normal-like,-0.2615566400362795,-0.7265069371796291,-0.5755363809322582
-8.127514,5.528279,PCA,3,Basal-like,-0.9724034063476867,-1.0947930227125005,0.943725314368513
0.34498832,-5.1124997,PCA,0,Luminal A,0.8672123709235129,0.513366838709482,-0.17604868162612414
25.038794,2.5209107,PCA,1,Luminal B,1.8023417958121601,1.4005820597939167,-1.3487414666612243
-5.8264728,-1.7142527,PCA,3,Basal-like,-0.41426562260983607,-0.32675597221717156,0.6554745639554923
4.6127625,-2.7285428,PCA,0,Luminal A,0.12094266934276719,0.8457327428575808,-0.8656011007085445
-5.008677,1.4940953,PCA,3,Basal-like,-0.6259980433936791,-0.4302940645473255,1.2429373706344697
-8.575485,0.9038539,PCA,3,Basal-like,-1.0909964590189185,-0.7846381533133865,1.1609656435008138
-5.5211363,-2.25371,PCA,3,Basal-like,-0.7668635635769085,-0.6449569211333713,0.32080047665434974
0.15552974,-4.9914722,PCA,3,Basal-like,1.2860481024113921,-0.2580201457534659,-0.6165834762296665
-6.3299456,-0.7959647,PCA,3,Basal-like,-0.5708217292114166,-0.3597805642200151,0.8563745506172027
-5.284724,12.14171,PCA,4,Normal-like,-1.024098321860439,-0.053835673625333424,0.47641311753692966
-6.6303167,-2.4060369,PCA,3,Basal-like,-1.1663441424918926,-1.016433666073999,0.41574344934395957
2.3355246,-4.0001245,PCA,4,Normal-like,1.0392721423113167,-0.26982511426155664,-0.4522988917544783
-5.8165445,0.28565168,PCA,3,Basal-like,-0.3690911524269477,-0.3940191686160461,0.6850486282757486
1.8605927,-4.0760617,PCA,0,Luminal A,0.8070519302564738,-0.3730175808338215,-0.6590602975626555
-2.4174113,-5.0050387,PCA,3,Basal-like,-0.23689248056371576,-1.0300045105398181,-0.9092377640880283
-4.845872,0.77553415,PCA,3,Basal-like,-0.4042818873545983,-0.706729919347569,1.0021196070475047
-5.1829476,2.624927,PCA,4,Normal-like,-0.17371046239850182,0.020559355970808935,0.5581097363600277
-6.1339903,10.504791,PCA,4,Normal-like,-1.265431886832965,0.029386769053327905,0.14155372431132596
-5.9855294,5.8155885,PCA,4,Normal-like,-0.7701269573507807,-0.30028136314287784,0.3021834682462887
-4.7028832,-4.8027673,PCA,3,Basal-like,-0.001873567392125207,0.19388128995854645,0.061417712220970255
-6.299973,0.9942875,PCA,3,Basal-like,-0.6018287251801648,-0.09223038135999258,0.5915463269154844
-7.5108175,8.157803,PCA,3,Basal-like,-0.8877584459796023,-0.38634557283683457,1.3419766237001398
-6.2227597,12.184862,PCA,4,Normal-like,-1.0838450076380488,-0.10342846756226927,0.2710052714171297
-5.7949758,-2.884988,PCA,3,Basal-like,-0.3687096075335167,-0.41717678264217894,0.7362935634199363
1.0536853,-4.409042,PCA,4,Normal-like,0.26127432041919674,-0.6374925247137828,-0.6584920810961146
-3.997173,-5.8023477,PCA,3,Basal-like,-0.2269451144102954,-0.43133203409917426,0.3031963588629973
-4.9575186,-5.0241923,PCA,3,Basal-like,-0.2670885239897731,-0.39869611880120154,0.5274024595255118
-4.6879325,6.2417245,PCA,4,Normal-like,-0.6116793067639393,1.0348913676452254,-0.07935689307402433
-1.0712641,9.658606,PCA,2,HER2-enriched,-0.7867700531405589,0.22314112473832942,-0.5232375525516539
32.27953,5.7827353,PCA,1,Luminal B,1.9887416643205356,0.849438308072837,-1.7980784248453243
0.057959616,-5.2947774,PCA,3,Basal-like,1.216203078074426,-0.23579478972924087,-0.3854251688389892
-6.416681,-1.7819266,PCA,3,Basal-like,-0.16893185865428748,-0.21098151374267154,0.5710206157318639
-3.612056,-6.326392,PCA,3,Basal-like,0.05770451851431535,0.009946308641079472,0.09586605771164058
-3.7694116,-4.1540165,PCA,3,Basal-like,-0.36430110757599016,0.24656193063734266,0.4241328583893998
2.7878106,-3.7578537,PCA,3,Basal-like,0.9286483282772432,-0.236674962441197,-0.3015960255863125
-0.13834731,-5.1719103,PCA,3,Basal-like,1.0815750551982555,-0.16985765885555562,-0.0992339827424982
-8.079292,17.074926,PCA,4,Normal-like,-0.926264629063027,-0.45991484347284906,1.236532522727793
-6.968214,2.1062803,PCA,3,Basal-like,-0.8975812673679034,-0.6301451848296676,0.21264185132888974
2.376585,-4.538232,PCA,3,Basal-like,1.1221501123944713,-0.02952394114112531,-0.30302425919446985
21.107029,1.5279999,PCA,1,Luminal B,1.3268916860477717,0.40514638803491665,-1.2120111450300757
-4.603094,-3.863309,PCA,3,Basal-like,0.02371331306002839,-0.46935912702015414,0.5714162069046367
22.678514,2.9604344,PCA,1,Luminal B,1.8328122501573856,1.1907243662492428,-1.401708109364868
16.66525,1.2560849,PCA,1,Luminal B,-0.10268662962644669,0.9704664035529009,-1.1407912828837834
-5.5218115,8.889896,PCA,4,Normal-like,-0.9196149245074976,0.08906619876169913,-0.39842619120329026
-5.224189,-4.256173,PCA,3,Basal-like,-0.6963284639408284,-0.5052394950619811,0.457178886419054
-4.946898,1.1584969,PCA,3,Basal-like,-0.4628713213386337,-0.48127141368225795,0.7099993412742465
0.7009765,-4.881856,PCA,0,Luminal A,0.5247704181711581,-0.25895634069099105,0.1019869845561189
-4.09797,-4.4391932,PCA,3,Basal-like,-0.023524187905592825,-0.33309756751374986,0.872024772037087
-6.257969,8.909567,PCA,4,Normal-like,-0.6985197649131902,-0.27381640844599936,0.5669978814679869
-1.7526555,-6.0219593,PCA,3,Basal-like,0.5626217234928149,-0.18277161263444497,0.09544669065271191
-6.6088166,12.088621,PCA,4,Normal-like,-0.855309339618998,-0.23790942232382933,0.0390621690799159
-3.487228,-0.82583,PCA,3,Basal-like,0.010766035064374683,-0.4284393135262195,0.9060701061064032
-3.5233827,-2.2773342,PCA,3,Basal-like,0.011944548358378139,-0.6311432383553034,1.0162137906058963
-6.1223125,-3.0532868,PCA,3,Basal-like,-0.43636214336578216,-0.5079840333132588,1.2011865325906614
-4.789671,-4.9439507,PCA,3,Basal-like,-0.10995184228650395,0.1340250621560468,0.759448448239035
-9.010065,14.812672,PCA,4,Normal-like,-0.8179177533356073,-0.06960568373917686,0.8583614032880549
-2.0316203,-5.6330514,PCA,3,Basal-like,-0.25647417995901833,-0.7664793783470383,-0.786995818698126
3.2025244,-4.234913,PCA,0,Luminal A,1.467141820703752,0.4040492669377724,-1.0570533330631757
-9.6644745,12.577732,PCA,3,Basal-like,-0.857825489522584,-0.4964685624926639,1.0442940186649692
-6.247351,8.809509,PCA,4,Normal-like,-0.9827949231995401,-0.7288533318565642,-0.061450946174180954
19.578407,0.8762393,PCA,1,Luminal B,1.2113033716922492,0.023532719975481897,-1.4649291845651053
-5.9501853,-1.4714179,PCA,3,Basal-like,-0.5880261673158073,-0.24284034135939636,0.9497723722338924
-2.1609075,-5.0442033,PCA,3,Basal-like,-0.34969964860731384,-0.6148801333357389,-0.08960489478051102
2.634984,-3.9588923,PCA,0,Luminal A,0.8478618350328818,0.2806875179079591,-0.012362040555674487
2.3430886,-4.375613,PCA,0,Luminal A,0.5816424493120064,0.023612716446704665,-1.4137615755129895
2.2693467,-4.627673,PCA,0,Luminal A,0.6410283735270762,0.11677165244947713,0.06346350932698203
0.912825,-4.272196,PCA,0,Luminal A,0.015344659839212613,0.09061707508304051,-0.08947456273719578
0.4987469,-4.8779063,PCA,4,Normal-like,0.6977356583280954,-0.3643272112179019,-0.3498586689436732
-7.0982327,-1.6790497,PCA,3,Basal-like,-0.860182435701782,-0.35844361666533897,0.9630546027249679
18.527842,0.32000732,PCA,1,Luminal B,0.4619066061322421,1.3477922073551574,-1.9098242696978402
9.973944,11.4716015,PCA,2,HER2-enriched,-0.15173483263880763,0.850223881228016,-1.1084259470234314
-5.450379,-3.3365219,PCA,3,Basal-like,-0.30003919545624813,-0.3831306001820683,0.41791093874735497
-4.0484548,-5.247945,PCA,3,Basal-like,0.06926203790819399,-0.3830721157245466,0.46255857010355883
0.7213509,-4.709922,PCA,0,Luminal A,0.30074596214424654,-0.7833478374081146,-0.8221858762307613
-2.7875385,0.6348281,PCA,3,Basal-like,-1.0747796389148097,1.2721273520663636,0.01161090403399335
19.246422,0.42630482,PCA,1,Luminal B,1.7635008679017536,0.5952841294066913,-1.0783114348695626
-6.3366976,5.391742,PCA,3,Basal-like,-1.022089905725058,-0.6339452479895336,0.23739404005076706
-5.8433833,11.388329,PCA,4,Normal-like,-1.031721896994594,0.16788026781198595,-0.10324608310123645
20.603306,2.143824,PCA,1,Luminal B,1.5748342180344772,0.9033223642918999,-1.3597924067330205
-4.2720776,-4.4855494,PCA,3,Basal-like,-0.08940747768326394,-0.4164127747372336,0.3258497211497692
0.930055,-4.4564548,PCA,4,Normal-like,0.5235614787210917,-0.6306235991259315,-0.6584117135306456
-5.4162183,5.513351,PCA,4,Normal-like,-0.7295815679329983,-0.154700407953194,-0.04976597279167893
1.8698884,-5.1375895,PCA,0,Luminal A,0.30312867323022613,-0.27194836529127886,-0.0016895143713278361
-3.5420463,-4.6567087,PCA,3,Basal-like,0.13758571141889356,-0.23973458360873412,0.38365400219637513
0.12005764,-5.147768,PCA,0,Luminal A,0.16850428578519833,0.4221304801465768,-0.37017781514582404
-2.942903,-5.886591,PCA,3,Basal-like,0.14146458889845662,-0.06371115458482565,0.2520108848881651
-6.716085,-2.6257744,PCA,3,Basal-like,-0.8035733488141061,-0.6174359698199937,0.8572228337124808
21.885288,2.1590137,PCA,1,Luminal B,0.6440865941109267,1.2097737101068902,-1.6286832002352236
20.12535,0.6764059,PCA,1,Luminal B,2.094809243610416,0.21299502242399165,-1.907443704659221
-4.029294,8.16077,PCA,4,Normal-like,-0.6352739633940399,1.2508153256774015,-0.12704380395490114
7.7133718,7.1324897,PCA,2,HER2-enriched,-0.40754904572292805,1.8457394534007003,-0.38911913481414045
-2.0951147,-5.5072846,PCA,3,Basal-like,-0.16707817447755485,-0.5503656825903248,-0.611510098361788
11.500033,4.387489,PCA,2,HER2-enriched,0.21786742996656483,1.7826551321487216,-1.1041102754698833
-5.690389,8.041128,PCA,4,Normal-like,-0.6820597001211294,0.2102778746378156,0.1467272250907305
-5.258519,-4.3192515,PCA,3,Basal-like,0.09702277569161795,0.0373337530511965,0.03352860084580609
-5.0844293,-0.1278801,PCA,3,Basal-like,-0.4929408645851533,-0.22990167148338678,0.21164403979943433
-5.2331853,-2.183643,PCA,3,Basal-like,-0.7974320461082886,-0.006697277069375854,0.1926853676914222
-2.0943875,-5.781334,PCA,3,Basal-like,-0.1876611239500302,-1.1190817923845868,-1.5515921743051204
-4.29137,-6.0000415,PCA,3,Basal-like,0.29618686530571375,-0.3567266742823358,0.9808130591111648
4.176327,-3.8506815,PCA,0,Luminal A,1.1221501123944713,-0.02952394114112531,-0.30302425919446985
20.18442,0.76966715,PCA,1,Luminal B,1.8695048053033367,0.5710813670204556,-1.7668970792149876
-0.31831777,-5.088153,PCA,4,Normal-like,1.0064545331563581,-0.3680685579521369,-0.4095063285918785
21.801163,1.1588326,PCA,1,Luminal B,1.4064488988615749,0.9030326313041978,-1.5145963360859516
0.14711297,-4.7624187,PCA,4,Normal-like,0.7473425419969539,-0.015476082553614892,-0.4119938597888549
-6.820731,1.0608201,PCA,3,Basal-like,-0.7269986304048268,-0.5550594712015884,0.8868122248119685
-8.166083,2.2368417,PCA,3,Basal-like,-0.8330081900565875,-0.3576918984901424,1.1590623148311967
-6.5164022,-0.7846422,PCA,3,Basal-like,-0.5507366410412631,-0.029007520671404774,1.067012160150183
-6.4374027,-2.5832078,PCA,3,Basal-like,-1.1457949619983818,-0.2219190789309739,0.2299677017699898
-6.0099926,2.65527,PCA,3,Basal-like,-0.5058764839382429,0.055300018268369666,0.16187430660831542
-0.009872615,-5.370046,PCA,0,Luminal A,0.5626217234928149,-0.18277161263444497,0.09544669065271191
-6.2232165,-2.9078457,PCA,3,Basal-like,-0.5119681292167271,-0.575785389389047,0.5762981343679245
1.027,-4.7243166,PCA,0,Luminal A,0.7847661931304668,-0.4441119895953094,-0.04924780016449341
-5.867924,7.4070067,PCA,3,Basal-like,-0.6622540729381553,0.017352167462494766,0.6237354636369137
19.88878,1.0367141,PCA,1,Luminal B,1.3658898255207117,0.45218508421863546,-1.0712061446107564
-5.3234653,-4.7168345,PCA,3,Basal-like,-0.11393953984503795,-0.42605199621862944,0.6240404996953577
-5.810356,-3.1524172,PCA,3,Basal-like,-0.3672163368658903,-0.10265495925783767,0.1587822162924932
-3.7217603,-4.3728886,PCA,3,Basal-like,0.019444269683531853,-0.04818640447712638,0.4306881135897079
-8.011825,0.6816578,PCA,3,Basal-like,-1.1547637407899978,-0.7342935347990218,1.0627582756258218
-0.7184648,-4.972491,PCA,1,Luminal B,0.47299468375686726,-0.6593167243405248,-0.9088117250657077
-4.7984242,10.895994,PCA,4,Normal-like,-0.8170055544703902,0.5280032319392268,-0.2004017785957422
-7.288751,-0.18509912,PCA,3,Basal-like,-0.555935759031569,-0.41241887988201853,1.0274955356982827
7.539262,6.5436244,PCA,2,HER2-enriched,-0.542267186785272,1.5552535514029977,-0.8899107911427373
1.4870132,-4.1163383,PCA,0,Luminal A,0.6095480963958217,0.0031206327330693673,-0.4846143201122549
-6.3001504,-2.3137672,PCA,3,Basal-like,-0.665106428343477,-0.38121803669190424,0.7070251639852864
-6.622226,7.8146815,PCA,4,Normal-like,-1.2525075832093335,-0.5957835388636802,0.4906705089328511
-7.130403,0.9017453,PCA,3,Basal-like,-0.946343989565631,0.22021811811480296,1.1084419430322339
-2.4008136,-6.065292,PCA,3,Basal-like,0.5702156786494084,-0.04378019316901093,0.5553855317972333
-6.271159,-1.912601,PCA,3,Basal-like,-0.2016519501978212,-0.35193811973201033,0.7321872814470137
-7.0609317,6.4456506,PCA,3,Basal-like,-0.6565309497763028,-0.12630037531836327,0.47130602189644594
2.5842679,-4.1146126,PCA,0,Luminal A,0.8095811462698672,0.07559611185008781,-0.0575304429870803
21.120651,1.6695895,PCA,1,Luminal B,1.6367944418992062,1.651109826044614,-1.6386313082128967
-2.2900815,-5.964659,PCA,3,Basal-like,0.5702156786494084,-0.04378019316901093,0.5553855317972333
-6.164717,1.4382329,PCA,3,Basal-like,-0.7317721561799302,-0.2825371193993118,0.946656095747291
-2.3900135,-6.347513,PCA,3,Basal-like,0.5901785493375905,-0.21064239695145082,0.4335726560290508
-5.1495266,9.52195,PCA,4,Normal-like,-0.9180636369434114,0.43897114252833785,-0.0653260317884952
-3.9829187,-3.5388165,PCA,3,Basal-like,-0.3750010255602309,-0.10806884585654053,0.01419275345006568
-10.034772,2.6432128,PCA,3,Basal-like,-0.9350384295435524,-0.8612645259426442,1.2084567039079572
-5.4592614,-2.5589232,PCA,3,Basal-like,-0.858034137159256,-0.317293361009767,0.5785457253820271
1.7649518,-4.340925,PCA,0,Luminal A,1.0815750551982555,-0.16985765885555562,-0.0992339827424982
7.8175635,1.6422925,PCA,1,Luminal B,-0.5889668152113494,2.4095927304229083,-1.000730449470547
-6.1074533,-1.5580487,PCA,3,Basal-like,-0.3846970591006731,-0.13452529749851824,0.8906305828201028
-3.5215378,-5.1121902,PCA,3,Basal-like,-0.04723906777962449,-0.27362877481614434,-0.16319941566718207
-4.8570585,-2.4464962,PCA,3,Basal-like,-0.3541047866055702,0.05002033348607588,0.9764174081516988
23.986898,2.6835036,PCA,1,Luminal B,1.151816821462136,0.3645402758951846,-1.1291865997548838
-0.944453,-4.7569036,PCA,0,Luminal A,0.4802758770153146,-0.1389471596209416,0.5591981016491678
-7.1363344,6.080745,PCA,4,Normal-like,-0.5795106157497605,-0.5025561380222283,0.6481221009020982
0.9554769,-4.759437,PCA,4,Normal-like,0.8095811462698672,0.07559611185008781,-0.0575304429870803
-7.9161396,2.7354379,PCA,3,Basal-like,-1.111259504992253,-0.38240915447073304,1.3145795239459512
-6.864048,-2.7846217,PCA,3,Basal-like,-0.48616527379325014,-0.41098968305058386,1.305036179567737
-0.44912583,-5.352824,PCA,4,Normal-like,1.0829925749297993,-0.14151534764329848,0.17996395963001477
-3.9894753,6.038323,PCA,4,Normal-like,-0.8048628335878766,0.5799010161542216,0.6356517899674491
0.3975999,10.548395,PCA,2,HER2-enriched,-0.6156827591879233,1.689640169880022,-1.2787835357807233
-6.616528,-2.1472793,PCA,3,Basal-like,-0.4676638869231625,-0.4687635889583786,0.8664737820910104
-2.8330197,-5.918891,PCA,3,Basal-like,0.30894172664180297,-0.35219538951999546,0.8215363683111366
-5.566178,-3.016744,PCA,3,Basal-like,-0.8005758274486925,-0.03196986223042454,0.41567494722351733
-4.9062605,-4.837128,PCA,3,Basal-like,-0.49826448582380656,0.1984813850986555,0.3056417670657056
-7.960655,5.2625566,PCA,3,Basal-like,-1.0388240939685605,-0.7117689025260341,0.890794326354785
-8.249181,6.516416,PCA,4,Normal-like,-1.2438404389984916,-0.8080706644783506,1.0605306428029553
-7.869798,5.7151628,PCA,3,Basal-like,-1.1787584455650275,-0.40475151630060224,1.1445409692223774
-5.6887436,10.370802,PCA,4,Normal-like,-0.640753145791161,-0.2239126893428589,-0.19090813767442827
-4.810645,8.56715,PCA,4,Normal-like,-1.2226809005177774,0.5129390302532644,0.4240404026869586
1.6226548,-4.4670024,PCA,0,Luminal A,1.020056642326938,0.3988887903047026,0.10097473831207575
2.7979898,9.597399,PCA,2,HER2-enriched,-0.8672281140985867,0.9285246155069775,-0.7299753448653755
4.0332055,-3.1602576,PCA,0,Luminal A,0.9286483282772432,-0.236674962441197,-0.3015960255863125
-6.9791155,-1.262362,PCA,3,Basal-like,-0.7085817131395833,-0.6398840091246889,0.6752743126678664
-5.27992,-3.8093863,PCA,3,Basal-like,-0.23890810276283175,-0.006909968584298931,0.8239394730200266
0.64384687,-4.8877826,PCA,0,Luminal A,0.7993868609230568,-0.25856933550691025,-0.06354990730653666
-1.8750095,-4.853484,PCA,3,Basal-like,-0.38753841922273813,-0.9522992327363962,-0.6419046275179614
-3.626604,0.26517248,PCA,4,Normal-like,-0.5924405404258948,0.25179966348199073,0.22569408747509634
-7.1958494,8.198629,PCA,4,Normal-like,-0.9380782229063528,-0.3228853056428365,0.7737014372247621
-5.2428045,3.1892123,PCA,3,Basal-like,-0.6277517366467941,-0.28700511100601195,0.9022361458758282
-6.621148,12.766136,PCA,3,Basal-like,-1.0544950249814322,-0.6729675991282502,0.11721883816713685
-5.4689417,9.137405,PCA,4,Normal-like,-0.8459076975119322,-0.2915932866863506,0.4220890019099813
6.147749,-3.7172408,PCA,0,Luminal A,0.9220446583122026,-0.04006717063217556,-0.3740688721066737
-6.770782,0.8325157,PCA,3,Basal-like,-0.8681818919498596,-0.3226215830988793,0.6482455971039035
-7.4272704,0.13450527,PCA,3,Basal-like,-0.8382891669531293,-1.0044582930438954,0.7578940298942389
-5.504086,-1.9066956,PCA,3,Basal-like,-0.5171324154332195,-0.27976704704759525,1.053528057224294
-6.5114436,-0.5093355,PCA,3,Basal-like,-0.833680616636967,-0.05803515250652101,0.6545031841267889
1.7180225,-4.3001847,PCA,0,Luminal A,1.2860481024113921,-0.2580201457534659,-0.6165834762296665
2.252002,-4.3976765,PCA,0,Luminal A,1.150033863173982,-0.1754048411904755,-0.09015096736653477
-6.6552925,-1.0547476,PCA,3,Basal-like,-0.4892237833427616,-0.35815218716327996,1.0926439718939738
3.6573095,-3.9435153,PCA,0,Luminal A,0.13790565593209017,0.55446631808493,-0.6959285919088336
20.155577,0.8187089,PCA,1,Luminal B,1.8651874826457042,1.1099544867069437,-1.2072340385138354
-5.054757,13.125895,PCA,2,HER2-enriched,-1.046706163470248,0.1499779765216258,0.07319946009232621
-1.0380112,9.818422,PCA,2,HER2-enriched,-0.7405100991663496,0.7309858183090227,-0.7465238267242744
-0.41495553,-4.3593283,PCA,0,Luminal A,0.36672355882020113,0.7705481026851,0.17980854998999996
-6.252884,-1.7271678,PCA,3,Basal-like,-0.44475438421404007,0.07750742401794664,0.28564515494680753
-7.003463,8.909733,PCA,4,Normal-like,-1.5403551624081895,-0.7753332687228512,0.14309468807966552
-5.185233,0.38029814,PCA,3,Basal-like,-0.608355266260399,0.035374977892366516,-0.606685392270164
5.50002,-3.1354885,PCA,0,Luminal A,-0.12139567902080846,-0.014249174012255627,-1.1674956543844315
-8.098199,13.914848,PCA,4,Normal-like,-0.7312005308623787,-0.28557674529837873,0.10755348603283353
9.814972,-2.0469275,PCA,0,Luminal A,0.5211337126492381,1.4362847054410324,-0.7413553647108584
-5.681288,-0.9760494,PCA,3,Basal-like,-0.8006414284342263,0.262735079899628,-0.19776284505121983
-5.500746,-3.6984615,PCA,3,Basal-like,-0.8175806461850753,-0.6374905738699999,0.23367102793314695
7.3796277,11.776648,PCA,2,HER2-enriched,-0.7490645060744598,1.6153065949209828,-0.5712974992073618
3.2084725,-3.8318758,PCA,0,Luminal A,0.6838493047001943,-0.20814402351305178,-0.5689774980451109
6.250438,4.8008084,PCA,2,HER2-enriched,-0.8267261358396476,1.9333241194532826,-0.9456518884158926
-5.601595,-3.819108,PCA,3,Basal-like,-0.01171871937630491,-0.3702019395876538,0.9473653510399325
-3.4195325,-4.4083033,PCA,3,Basal-like,0.0351947607360773,-0.5799968498055426,0.53556592249423
0.9564178,-4.3695903,PCA,0,Luminal A,0.47299468375686726,-0.6593167243405248,-0.9088117250657077
-5.9936123,-1.9481354,PCA,3,Basal-like,-0.4059303741944723,-0.11025397376356408,0.3820887997997834
-6.7966223,10.450972,PCA,4,Normal-like,-0.657245404734348,-0.28597618151654375,0.05900463787347181
23.809736,2.3392391,PCA,1,Luminal B,1.6626772317129936,0.9570507260016822,-1.478704619517073
-7.5653605,9.107071,PCA,4,Normal-like,-1.1820407542332902,-0.8378063678838197,0.5176150613707595
-6.0768614,-3.3565834,PCA,3,Basal-like,-0.20290737431772835,-0.59439076180806,0.5454237465063063
14.498113,-0.57233286,PCA,1,Luminal B,0.44134471105101525,1.3201694585526236,-1.6438603114367878
-5.5812364,-1.3919764,PCA,3,Basal-like,-0.578070544348103,-0.37199050267386263,0.9680174164667346
28.205673,3.4245372,PCA,1,Luminal B,1.8489474944105198,1.1949423235840582,-1.3238364635803954
-5.7991214,11.292295,PCA,4,Normal-like,-1.2336796079363646,-0.1970347954752932,-0.18290076344630574
-0.19693434,-5.667514,PCA,1,Luminal B,0.6231472005684464,0.5641161807948484,-0.3009102164667197
-4.6755714,-4.7195573,PCA,3,Basal-like,-0.19822885815892505,0.010415111627697135,0.8231053069242859
-7.3460693,11.793713,PCA,4,Normal-like,-1.0167608160989554,-0.5789723997802465,0.6546636596538241
0.36173144,-4.72875,PCA,4,Normal-like,0.8070519302564738,-0.3730175808338215,-0.6590602975626555
2.6361644,-2.213031,PCA,3,Basal-like,-0.22756183872218466,1.5175067385626897,-0.6326566921894686
-6.072165,5.0636888,PCA,3,Basal-like,-0.7604955874459981,0.056500502016719786,0.037126387991153476
-7.325686,2.3240142,PCA,3,Basal-like,-1.3155664135103975,-0.8620420964388139,0.6797655629821938
-5.158157,0.30298758,PCA,3,Basal-like,-0.4035555115004467,0.5003683570876073,0.3347412778056459
1.9437071,-4.069688,PCA,0,Luminal A,0.9655034619027082,-0.30756298806009513,-0.3726210632296406
-5.4236956,-4.004614,PCA,3,Basal-like,-0.3004562065806143,-0.23076122430565682,0.5965979752300048
22.43272,2.1212149,PCA,1,Luminal B,2.059174093852565,1.3370667494807065,-1.9519574593421616
-6.041708,-2.7564297,PCA,3,Basal-like,-0.28916115099186157,-0.3996656506858554,0.7858517193808469
-6.9309278,9.076363,PCA,4,Normal-like,-0.6025182738861599,-0.4570347156248615,0.39471249471527314
0.012521505,-4.8050594,PCA,4,Normal-like,0.6095480963958217,0.0031206327330693673,-0.4846143201122549
-5.1083784,-3.4144208,PCA,3,Basal-like,-0.8698625974724661,-0.32072157109641386,0.3285141325417442
-4.8664856,-3.9428859,PCA,3,Basal-like,-0.4584819509574538,-0.32551134104775925,-0.2187457489561486
-0.35448524,-4.7328577,PCA,3,Basal-like,-0.16804014060611705,-0.6070622340778602,-0.737443386371084
-4.6324983,1.1433296,PCA,3,Basal-like,-0.41178314458857607,0.04517102029667945,-0.2623511829289676
-7.4183345,5.5814786,PCA,4,Normal-like,-1.4303338772233984,-0.08807484981439118,1.028073552838934
23.197681,2.1183481,PCA,1,Luminal B,2.164065685910384,1.1504028118204725,-1.5667412233477838
-7.2947297,4.6346297,PCA,3,Basal-like,-0.7327867072505808,-0.8800596059250156,0.7763611622290623
1.8949598,-4.3726926,PCA,0,Luminal A,0.6977356583280954,-0.3643272112179019,-0.3498586689436732
7.5986457,6.8027425,PCA,2,HER2-enriched,-0.6194889347767543,2.1738852675012543,-1.1870083803210232
0.109098464,-4.9930024,PCA,4,Normal-like,0.931079087999602,-0.1786045638608978,-0.7361867701328559
-0.89600503,-3.7478142,PCA,3,Basal-like,0.033579134334101236,0.08434551525872795,0.27877184949858286
1.8042642,-4.8812213,PCA,0,Luminal A,0.8433747596353313,-0.25110995745142445,0.07221798836027492
-7.307159,6.054807,PCA,4,Normal-like,-1.0509315499432441,-0.5640851783677756,0.6615876054137984
3.8156495,-3.82472,PCA,0,Luminal A,0.6553743521932516,-0.33918694723657383,-0.4253737451376388
-6.380958,0.78216505,PCA,3,Basal-like,-0.4466580922658907,0.1971513408646218,0.2972970266216618
-1.1310962,-5.747055,PCA,3,Basal-like,1.2339683084600896,-0.198045463521268,-0.0941229174012943
-6.3174014,8.403963,PCA,4,Normal-like,-0.4559482313149076,-0.060573185362684606,0.7278335903508386
2.7537007,0.68143463,PCA,2,HER2-enriched,-0.17512726526376132,0.3920953693342188,-0.8794553960689918
1.4788768,-4.2154517,PCA,0,Luminal A,0.27483188982675844,-0.569550589386976,0.1311642493199567
-4.412875,-6.0028076,PCA,3,Basal-like,0.2732487866176543,-0.3389409184203811,0.5436030302238187
-0.66584,-5.6524396,PCA,3,Basal-like,-0.2615566400362795,-0.7265069371796291,-0.5755363809322582
2.27161,-3.1791337,PCA,0,Luminal A,0.17458547005731703,0.07036407206281245,-0.17260840951354692
-1.9343417,-6.067355,PCA,3,Basal-like,0.7433153866465977,-0.2495298275942831,0.2869072616008833
8.811236,9.062571,PCA,2,HER2-enriched,-0.3646077142266774,1.8592888942703845,-0.48798137777379286
-7.759109,-0.4519143,PCA,3,Basal-like,-0.8698760528678992,-1.1110330148518672,0.9578740959715429
2.1011906,-4.0907536,PCA,0,Luminal A,0.702963658015044,-0.2993582661166934,-0.054118137259304026
29.075672,4.023586,PCA,1,Luminal B,1.3538747447075228,1.118135066215231,-1.40876906928683
-7.981413,3.7682052,PCA,3,Basal-like,-1.204746624213325,-1.3942993034467108,1.231586598141848
11.894445,-2.1237116,PCA,0,Luminal A,1.3188499768122328,0.088640714069625,-0.7255622858988884
2.294462,-4.0072594,PCA,0,Luminal A,1.0666330643898454,-0.06131438620078307,-0.791110400879108
8.4614315,5.4336886,PCA,2,HER2-enriched,0.008151121395455235,1.9037467535265407,-0.42828351411583704
-4.573855,-5.3116474,PCA,3,Basal-like,-0.09340743483031101,-0.6746026175665927,0.6270855919117839
-7.2794237,-0.23718643,PCA,3,Basal-like,-0.39557587124464266,-0.18624486736135054,1.1671039600031847
-0.26060697,-4.6161466,PCA,0,Luminal A,-0.16707817447755485,-0.5503656825903248,-0.611510098361788
-7.316287,2.4341927,PCA,3,Basal-like,-1.1222338249158477,-0.8235659603173463,0.6969557991241848
-7.3572745,1.2404408,PCA,3,Basal-like,-0.9980253905204145,-0.21549162649625467,1.0214799423191225
-8.215215,2.7498708,PCA,3,Basal-like,-1.2324454028794902,-0.5208225372520844,1.1181876503569672
-7.3954396,0.5408478,PCA,3,Basal-like,-0.6046895605426693,-0.30187020346633153,0.6118636807927677
22.355259,1.689218,PCA,1,Luminal B,2.0154887616547716,1.5537676802232683,-1.6110569176947784
-6.984316,-1.4638288,PCA,3,Basal-like,-0.7579953932716357,-0.46122631038237955,0.9198380329523178
1.1147933,-4.506664,PCA,0,Luminal A,0.8494927735443374,-0.2847307122403867,-0.501954445116064
-6.955648,-1.3615975,PCA,3,Basal-like,-1.1591604786790175,-0.6185978032072478,0.993835312630958
-6.0486817,-2.116422,PCA,3,Basal-like,-0.5023217373890292,-0.5159297715993068,0.8103743477646789
2.607703,-4.230501,PCA,0,Luminal A,1.2590892650074648,1.836239082665756e-05,-0.515807607893243
-1.436113,-4.5946198,PCA,4,Normal-like,-0.38753841922273813,-0.9522992327363962,-0.6419046275179614
20.772848,1.1418085,PCA,1,Luminal B,1.9588477834367983,2.0464002773304095,-1.3688863322929226
-4.5711756,11.847548,PCA,4,Normal-like,-0.9565258457125293,0.11621089104563367,0.1726629362567752
23.745197,3.094585,PCA,1,Luminal B,1.73906999887864,1.5830354865128515,-1.6634217215724572
-2.0413473,-5.7710443,PCA,3,Basal-like,-0.1876611239500302,-1.1190817923845868,-1.5515921743051204
-7.306933,0.7044096,PCA,3,Basal-like,-1.0628394141476967,-0.6793148432506445,0.6970255848830872
-4.351098,-2.0917552,PCA,3,Basal-like,-0.1983897719631641,-0.6584232232898798,0.9481835342130791
-6.355137,6.6199727,PCA,4,Normal-like,-0.9443006056083989,-0.6488011062019684,0.5138696570041547
-0.8069712,-5.464971,PCA,3,Basal-like,0.838021534256637,-0.16893741719631628,0.19161413926735055
-5.49895,10.782763,PCA,4,Normal-like,-0.8523922812126975,0.09015777946481987,0.13496172267408485
22.623873,2.0903401,PCA,1,Luminal B,1.1375649562914576,1.5166329808957641,-1.3413462402035363
4.478596,-2.5696647,PCA,0,Luminal A,0.6094467967118081,1.158919667008802,-0.5575228823328592
27.783188,3.6159196,PCA,1,Luminal B,1.2483032628860473,0.9527502270923586,-1.456317257285604
-7.980256,2.3216262,PCA,3,Basal-like,-0.8877195933436348,-0.5786227759675098,0.8174739188630858
-5.482742,-1.8751948,PCA,3,Basal-like,-0.25528063838347154,-0.33049496544741097,0.11612467647737748
14.538519,-1.3366423,PCA,1,Luminal B,1.4571458936942077,1.013794109900561,-1.0274551352401495
-6.9177814,10.045883,PCA,4,Normal-like,-1.1997381939708318,-0.6925571590207478,0.5768697657461093
-7.516818,11.570644,PCA,3,Basal-like,-1.0123315229009973,-0.05092696324218286,0.6793683245034541
-6.3020396,-0.7382779,PCA,3,Basal-like,-0.43717965987943164,-0.2504548505644888,0.5865819674932724
3.4734073,-3.5152063,PCA,0,Luminal A,1.0392721423113167,-0.26982511426155664,-0.4522988917544783
20.87739,1.8569741,PCA,1,Luminal B,0.5185820204509959,0.3301961083709706,-1.44719806781467
-6.7376323,10.003454,PCA,4,Normal-like,-1.043268654946958,-0.29360403003080615,0.5160321115739658
-4.2984905,-1.7236996,PCA,3,Basal-like,0.0674348901087167,-0.46746626441117534,0.6469258987994099
19.839039,0.68752813,PCA,1,Luminal B,1.880048753471391,0.9467718441790375,-1.6561241210803594
-4.452434,-5.49105,PCA,3,Basal-like,-0.20460977369810202,-0.5177053008037487,0.07277889676559432
-0.6178733,-5.4118094,PCA,3,Basal-like,0.7993868609230568,-0.25856933550691025,-0.06354990730653666
-7.904801,5.664991,PCA,3,Basal-like,-0.8407418635667558,-0.7234814576383832,0.6880533539556537
-7.194369,0.6559229,PCA,3,Basal-like,-0.6980729186418987,-0.24323258926180433,0.34417848896415093
1.2892722,8.73118,PCA,2,HER2-enriched,-0.5470549753326969,1.2749940168478346,-0.4754234909336598
-5.1027427,8.0121975,PCA,4,Normal-like,-0.6263476743600153,-0.09483528288231721,0.34863649135437524
-3.041977,-3.2848892,PCA,3,Basal-like,-0.11806472379328443,-0.458316235590846,0.17892497210395925
-1.2346269,-5.4789653,PCA,0,Luminal A,0.39241266137838376,-0.0333705630417061,0.00391065423723852
-7.0594993,-1.0296812,PCA,3,Basal-like,-0.7603914303548878,-0.670454692299711,0.7721598098106061
0.028795898,-5.0559354,PCA,1,Luminal B,0.8616406696899784,-0.16912372255588465,-0.06595140752502804
-0.9908587,2.417822,PCA,3,Basal-like,-0.05485697366918778,-0.2127030486607731,0.45039381174084553
-4.5294003,-3.5806618,PCA,3,Basal-like,-0.545041662650162,0.916665991817389,0.013827056107528535
-6.4516864,-0.8880191,PCA,3,Basal-like,-0.7278428072711876,-0.31444324434396614,0.8971587982917053
20.654036,0.6386361,PCA,1,Luminal B,1.3228175883610036,1.4424403567755788,-1.256210740135973
22.278854,2.029408,PCA,1,Luminal B,2.2565599196218367,1.549735510538474,-2.399406624662457
-6.9091463,4.695088,PCA,3,Basal-like,-0.9590743688142622,-0.47927222204186637,1.227952993637273
-5.9332495,-1.7795308,PCA,3,Basal-like,-0.8103358327952983,-0.2799856647080088,0.4766931162328054
-8.440412,3.3586879,PCA,3,Basal-like,-1.1605551499823794,-0.7808077728188628,0.8435075310567257
-6.278509,-2.885303,PCA,3,Basal-like,-0.8755879773451161,-0.7201219434774445,0.4355199832541018
1.9757465,-4.426965,PCA,4,Normal-like,0.8686437521665963,-0.23253145484221674,-0.5222057782179829
-6.064795,-0.9753828,PCA,3,Basal-like,-0.45380388664957855,0.057226454969099505,0.9659413771948036
0.53320765,-5.06719,PCA,0,Luminal A,0.5893461386328586,-0.03966939521588371,0.48243218907272656
2.3891013,-3.7868953,PCA,2,HER2-enriched,1.099906137485682,-0.18767323683783066,-0.521682303655359
-1.0705013,-5.2959366,PCA,4,Normal-like,0.5381433750518092,-0.48047792658754246,-0.09593880860757731
10.384864,-2.287324,PCA,1,Luminal B,-0.28394040427301603,1.000806893678424,-0.9347411971867333
-6.930131,5.3923965,PCA,3,Basal-like,-1.0243016871685047,-0.4912442606973169,0.36099800922099123
-1.2508203,-5.885375,PCA,3,Basal-like,1.1702504581537794,-0.024380368676916245,-0.39883002088633823
26.658081,3.3916802,PCA,1,Luminal B,2.22381882204833,1.6600383369801643,-1.7158887334283741
-4.34999,9.41732,PCA,4,Normal-like,-0.860797666677429,0.04692560979556634,-0.7548475496888756
0.7442405,-5.169216,PCA,1,Luminal B,0.6410283735270762,0.11677165244947713,0.06346350932698203
20.486425,0.9429951,PCA,1,Luminal B,1.8913409783793238,0.9538331114487892,-1.5939965360264368
1.3617843,-4.135064,PCA,0,Luminal A,0.43985319320659355,-0.776366443937616,-0.9847693704054602
-3.4095392,-4.531921,PCA,3,Basal-like,-0.0668076835753503,-0.15640931079440035,-0.23385965584826565
-3.2924123,-4.7678943,PCA,3,Basal-like,0.022299440143262864,-0.07925288296075934,0.5716190206968786
-4.9586396,-3.9376757,PCA,3,Basal-like,-0.3368330318723051,-0.24300062621429863,0.43499519326408476
-4.755735,10.978235,PCA,4,Normal-like,-0.9677720281063964,0.5581061090040937,-0.0327018983071574
25.297892,4.297382,PCA,1,Luminal B,1.6545505723663925,0.7561366313362595,-1.43292917395076
20.069881,0.9169302,PCA,1,Luminal B,1.1974702569453959,1.2750211572717727,-2.2699759435089435
-5.4610257,-1.7579784,PCA,3,Basal-like,-0.31831459499985315,0.7235268027685746,0.593069805219309
-2.5403793,-1.5755095,PCA,3,Basal-like,-0.3354115482680836,-0.47499913840989383,1.0050239227009201
-4.4170227,-3.7503605,PCA,3,Basal-like,-0.019163884144748396,0.7075099758132712,-0.05981931989620955
-6.151869,6.9862847,PCA,3,Basal-like,-0.6410426533931192,-0.40515724906851985,0.6383378122077625
8.635282,7.0216517,PCA,2,HER2-enriched,-0.40347312499048854,2.4700217911043603,-0.5172601486158561
19.716213,0.38653088,PCA,1,Luminal B,0.7636454070758115,0.6546741594420555,-1.1577732190589622
0.41906634,-4.789748,PCA,3,Basal-like,0.7509058043268996,0.095324766765466,-0.1593244102124286
-5.019426,-2.1497953,PCA,3,Basal-like,-0.11773981121683187,-0.21255260861304526,0.6705218415614564
2.3928497,-4.0515394,PCA,4,Normal-like,1.0021034503004511,-0.16343958057337654,-0.6116581774544043
28.55611,5.4372077,PCA,1,Luminal B,1.9793849853053758,1.1473677426605695,-1.6502074534263014
0.991758,-4.936638,PCA,3,Basal-like,1.1968558700538607,-0.0574368055020899,-0.3251172615439454
-0.17365706,-5.2209287,PCA,0,Luminal A,0.9210967548663691,0.21155302106055213,-0.13531621285296103
-3.632162,-6.1688466,PCA,3,Basal-like,0.16056487979580678,-0.5732633396460498,0.5027070741321911
-6.182858,11.498159,PCA,4,Normal-like,-0.8536797116884173,-0.01728824883838996,0.053639513484199125
-6.346069,-2.5710075,PCA,3,Basal-like,-0.8106948846621232,-0.016225589037778695,0.8907777470591637
22.886152,2.6826978,PCA,1,Luminal B,0.5827808886567927,1.293106239338809,-1.5984480143987836
19.987942,1.7073078,PCA,1,Luminal B,0.5860039239404174,1.4820299728233843,-1.3556338076622725
-5.112089,-3.6736374,PCA,3,Basal-like,-0.3421343848971343,0.185066848738462,0.10228738400595458
-8.013628,13.202875,PCA,4,Normal-like,-0.6976555363993687,-0.5258234731635887,0.5390838051715979
-4.82371,-3.045818,PCA,3,Basal-like,-0.15107307222567162,-0.4991185915776324,-0.06421680059761961
26.364685,3.6250167,PCA,1,Luminal B,1.4135530423594485,1.5205643906776773,-1.1910690092535365
3.60123,-3.5188475,PCA,0,Luminal A,1.0021034503004511,-0.16343958057337654,-0.6116581774544043
-2.3301916,-4.8665814,PCA,3,Basal-like,-0.06581078918596528,-0.520051036281959,0.6308356919957676
-1.3913387,-5.680764,PCA,3,Basal-like,0.6767164933899508,0.012718183197432398,0.583901324597506
-5.0748334,-4.1977677,PCA,3,Basal-like,-0.39171345510111477,-0.7989439685400828,0.5426738475382951
0.89239585,-4.822886,PCA,3,Basal-like,0.8992592096851609,-0.14823351721581024,0.23118361151228464
2.4558284,-4.2751913,PCA,0,Luminal A,1.216203078074426,-0.23579478972924087,-0.3854251688389892
5.0969105,5.5066743,PCA,2,HER2-enriched,0.08217688540244161,1.5614125068420026,-1.3864139737976673
3.0677915,1.6660218,PCA,2,HER2-enriched,-0.5348321068966495,1.8805166511423301,-0.7976222735779432
1.956611,-4.1611423,PCA,0,Luminal A,0.6073103851328946,-0.25107325102278655,-0.3158083725195557
-5.269465,10.297789,PCA,4,Normal-like,-0.711523751972196,0.07581106698187769,0.3902689060957324
-6.0493307,-3.382887,PCA,3,Basal-like,-0.5563067691202384,-0.43617763787844793,0.8948634116046532
-4.009855,-5.6618605,PCA,3,Basal-like,0.19035620842392934,-0.4556019612222682,0.7558571309347212
-5.6545806,-2.807609,PCA,3,Basal-like,-0.10361484713755793,-0.19549054151688283,0.6920205906582318
-5.5786095,-3.7826805,PCA,3,Basal-like,-0.5762844886288898,-0.5034671183923093,1.2651043885842252
0.2978091,-4.5755568,PCA,0,Luminal A,-0.25647417995901833,-0.7664793783470383,-0.786995818698126
-7.2813654,9.356249,PCA,4,Normal-like,-0.8133636562517002,-0.6318820439070252,0.570310467520612
8.081019,-2.629234,PCA,0,Luminal A,0.3590814353174697,1.3524121166450724,-0.9289157721924741
20.429678,1.1012039,PCA,1,Luminal B,1.4336514315690996,1.6701758556735564,-1.4104603471080244
19.57666,0.7382951,PCA,1,Luminal B,0.207022886295594,0.8783401366049297,-1.8004185166030247
8.644512,6.826902,PCA,2,HER2-enriched,-0.6283715138964009,1.376911254200272,-1.1325247505420641
-2.5526855,-4.6691074,PCA,3,Basal-like,0.17067937440567407,-0.07833650957049695,0.4575450867401216
-5.914662,-3.6688871,PCA,3,Basal-like,-0.3433934065111375,-0.48891653246796735,0.7981322702804415
-0.4235528,-5.1838026,PCA,3,Basal-like,0.9018741976592862,-0.2841604229893292,-0.2956897655528097
-6.5544114,-0.7362013,PCA,3,Basal-like,-0.536411532219199,-0.32078481626003535,1.0971852694096131
-7.3376594,1.6440635,PCA,3,Basal-like,-1.3991984899396361,-0.9196784985918217,0.7163852892598712
-5.760504,-3.282755,PCA,3,Basal-like,-0.09004479437191144,-0.7096841226170947,0.5663331637024288
-5.176545,-3.94729,PCA,3,Basal-like,-0.2198294522301555,0.277852401748628,0.866818817928292
-7.0782723,9.647388,PCA,4,Normal-like,-1.035162885215629,0.08509836555402642,0.7658566453089471
-3.7989607,-4.8161497,PCA,3,Basal-like,0.34079071515868276,-0.23842301064809757,0.4970058191509542
-0.17272432,-5.123975,PCA,4,Normal-like,0.931079087999602,-0.1786045638608978,-0.7361867701328559
-6.5950346,-2.7491963,PCA,3,Basal-like,-0.3614218013597901,-0.46843083979172073,0.9549032082972806
-7.4478006,8.453541,PCA,4,Normal-like,-0.9401569636630168,0.23217959964440096,0.634101454422709
19.793541,0.7321949,PCA,1,Luminal B,1.818020062743984,0.8600692074966482,-1.8414618025977108
-4.954334,9.23568,PCA,4,Normal-like,-0.9824652184128114,0.2741713028489709,0.11425633585660276
-5.468831,4.942841,PCA,3,Basal-like,-0.5429786613615599,-0.13359456928343688,0.20922356431215733
-7.163664,1.7251801,PCA,3,Basal-like,-1.074623254416227,-0.480238625461735,1.252825961202882
-5.999896,-3.6053529,PCA,3,Basal-like,-0.7357893492825638,-0.40012777230158025,0.9040793374497231
-7.6986313,7.3300214,PCA,4,Normal-like,-1.0228400782531397,-0.38420118323482916,1.2588299873131255
6.3401437,6.059382,PCA,2,HER2-enriched,-0.6660709392178717,0.9994842256835087,-0.7474965505125474
-4.219088,8.965494,PCA,4,Normal-like,-0.7172362399907171,0.6241888967917332,-0.24019198052384882
-6.631384,11.14765,PCA,4,Normal-like,-1.1127482265741313,-0.38417843201644336,0.8220111869441441
-4.477679,-5.2119374,PCA,3,Basal-like,-0.24620682761848747,-0.3545663306523084,0.6631344833194832
8.02316,6.098884,PCA,2,HER2-enriched,-0.5007223706608444,1.6211187351079086,-0.6589250947197476
-6.3298078,-1.6070004,PCA,3,Basal-like,-0.8349439209882957,-0.5861436862206764,0.23790000271099287
-5.587039,-4.2048287,PCA,3,Basal-like,-0.26146886416967213,-0.613107776752001,1.0467977728177036
-7.3494225,6.4548945,PCA,4,Normal-like,-1.1828219589798636,-0.7889888867502628,-0.24471619074409534
25.74267,3.36554,PCA,1,Luminal B,1.8947199691608103,1.0455850911422353,-1.4427543087671686
13.675642,1.1885533,PCA,1,Luminal B,0.3775897454678212,1.8110732511383603,-1.2527012664879982
0.5691401,-4.9141893,PCA,0,Luminal A,1.2265928407487003,-0.15579919306768514,-0.30679620926923884
-8.40265,6.875939,PCA,4,Normal-like,-1.377369878609152,-0.8126137319723905,1.472454305221489
-5.8578463,8.063629,PCA,4,Normal-like,-0.9838646527510093,0.15419854596171667,0.2433817509902453
-7.637181,5.8527694,PCA,3,Basal-like,-0.7204098497936167,-0.38182698064538767,0.5378369297665002
0.4456989,-4.9127994,PCA,3,Basal-like,-0.3422104439565459,-0.9877457280590627,-0.7610343138770419
-7.218737,7.1930814,PCA,3,Basal-like,-1.2005633478352864,-0.6041580108990299,0.8661488392134773
-5.284863,-3.7326324,PCA,3,Basal-like,-0.07149722389980939,-0.48428188933619537,0.6115964153821234
-2.1741393,-6.1722894,PCA,3,Basal-like,0.4504176006443007,0.5644094926295677,0.5838775868713617
-6.3964496,-2.393962,PCA,3,Basal-like,-0.6295686931728219,-0.09167510800529757,0.7776680730056644
0.5415256,-4.923664,PCA,0,Luminal A,1.2265928407487003,-0.15579919306768514,-0.30679620926923884
-8.048897,0.107367516,PCA,3,Basal-like,-0.6787829199727643,-0.7978362084171491,0.9194372765457541
-2.8508165,5.353482,PCA,3,Basal-like,-0.4063170150482566,-0.4444837086678187,0.6450380265808016
3.4799798,-4.352557,PCA,1,Luminal B,0.9220446583122026,-0.04006717063217556,-0.3740688721066737
0.590701,-5.102921,PCA,4,Normal-like,1.150033863173982,-0.1754048411904755,-0.09015096736653477
-3.1017385,-5.1305757,PCA,3,Basal-like,0.21252099054668344,-0.5145124350848186,0.5756844519552652
-7.676914,4.6897635,PCA,3,Basal-like,-0.9784695830584722,-0.9514782330238016,1.3964467147035768
-6.9306083,5.805021,PCA,4,Normal-like,-0.9205931014654964,-0.5757265530530973,0.4375268686853709
-6.533884,1.1451683,PCA,3,Basal-like,-0.6548803856671306,-0.11717098848979547,1.2518284838394196
-6.550834,1.0522017,PCA,3,Basal-like,-0.5800544805006379,-0.06307150930238416,0.9474430966617691
-5.0625567,2.3776946,PCA,3,Basal-like,-0.22656753272949057,-0.10365530184597203,0.382020254257518
-5.974879,-2.4542246,PCA,3,Basal-like,-0.6491467484001561,-0.5340511452220544,0.9432813121836721
-5.2327404,0.29862022,PCA,4,Normal-like,-0.45864217079801173,-0.11106560724288918,-0.17900794762876107
-6.8096323,-1.7164483,PCA,3,Basal-like,-0.8394991974860202,-0.7197695451166111,0.7565010486533701
23.239246,2.214714,PCA,1,Luminal B,1.6251547159990136,1.0956441014223903,-1.5481439879291088
-6.378127,5.283444,PCA,3,Basal-like,-0.990829060007773,-0.28213731987613483,0.8189632710675996
4.3930025,-1.1974034,PCA,0,Luminal A,-0.05607956737684476,1.9855156303100054,-0.8955594898863313
-6.0201263,-2.5502439,PCA,3,Basal-like,-0.7593315476181893,-0.49420309201868673,0.9259481459039756
-10.356901,6.4750047,PCA,3,Basal-like,-1.1007427338922802,-0.7904802858705292,1.117779171690737
-4.142057,-5.577775,PCA,3,Basal-like,0.12507069341511362,-0.2286135928699792,0.7487768140774396
-4.6047997,-4.5190597,PCA,3,Basal-like,-0.1317736214327886,-0.2584685574026516,0.6779382197739613
-7.568012,4.049525,PCA,3,Basal-like,-0.7407564336683337,-0.4516337988973695,1.2255191060180515
-4.5527005,6.2071843,PCA,3,Basal-like,-0.48689529455533237,-0.03219586118171605,0.3371320366292023
19.279903,0.5343976,PCA,1,Luminal B,1.9500534573233734,1.076530121213975,-1.0312270806095651
-4.22338,-5.5331726,PCA,3,Basal-like,-0.19187475193051395,0.15148943677138843,-0.027771077074212842
-6.210534,5.4675517,PCA,4,Normal-like,-0.9310625060044386,-0.015621637788559531,0.48600846590771346
-6.425807,-2.327631,PCA,3,Basal-like,-0.4992146525418293,-0.27941674074595907,0.7353794460428891
18.61796,0.44359732,PCA,1,Luminal B,1.2297232399520526,0.8091510626101457,-1.5558749203130582
-4.4158463,-5.4870477,PCA,3,Basal-like,-0.02695111146535433,-0.3210129334161356,0.7142790188984276
0.13133311,-4.824692,PCA,0,Luminal A,0.7473425419969539,-0.015476082553614892,-0.4119938597888549
2.3273816,9.748999,PCA,2,HER2-enriched,-0.8045746033978515,0.4477367107124348,-0.021477255213745702
-6.503343,-0.64268255,PCA,3,Basal-like,-0.2931432524040578,-0.22204707048172512,0.5370440256642406
-4.6838207,-5.4934664,PCA,3,Basal-like,-0.15651615736712932,-0.37409633225330075,0.5980345640697046
-0.1411587,-4.672291,PCA,3,Basal-like,-0.16804014060611705,-0.6070622340778602,-0.737443386371084
-6.8471103,14.502907,PCA,3,Basal-like,-0.9128082318954761,-0.5759233901079123,0.9948346175383537
-2.3582091,-5.529747,PCA,0,Luminal A,-0.27903426654074964,-0.9112561305974461,-1.0368235420944873
-5.228609,-4.043556,PCA,3,Basal-like,-0.4674271678586751,-0.14836169490035264,1.0581039477560665
-4.9612036,-4.598583,PCA,3,Basal-like,-0.21600748168296274,-0.1612909646266733,0.6973207779782552
-6.0781636,2.0502305,PCA,4,Normal-like,-0.9630593136732082,-0.08870826138466344,0.24206586343009767
-0.7332293,-5.440468,PCA,0,Luminal A,0.838021534256637,-0.16893741719631628,0.19161413926735055
-4.2407117,-3.1445792,PCA,3,Basal-like,-0.018756413735090016,0.37751467299953767,0.19493324402030465
-6.718859,10.099609,PCA,4,Normal-like,-1.1791389862331059,-0.10095622283857354,0.6864807066803651
-6.4905663,-1.9867418,PCA,3,Basal-like,-0.5193809285978407,-0.3646923322381987,0.9833729881340469
25.507929,2.896896,PCA,1,Luminal B,2.0219190305772377,1.4953192193227,-1.9504195478202966
-5.7139792,-3.8166385,PCA,3,Basal-like,-0.31743053236892127,-0.6907174715850721,0.7290544363128708
-3.970515,-6.161999,PCA,3,Basal-like,0.37278230056143924,-0.2772108836242718,0.6656339639109949
6.058589,7.1306224,PCA,2,HER2-enriched,-0.49912144930220237,1.793441511358943,-0.980266372343002
-4.8643494,-5.066348,PCA,3,Basal-like,0.062176887932820474,-0.35771828119491067,0.8101370405272457
0.262104,-4.77823,PCA,3,Basal-like,0.45869085734813175,-0.3906988126974434,-0.3832648879442884
0.7723249,-5.2856536,PCA,0,Luminal A,0.9242637626105799,-0.03836001567071734,0.18186901552296658
-3.947876,-1.2860227,PCA,3,Basal-like,-0.6881504507990426,-0.1511557702122041,0.9186941916858109
1.664544,-4.5057945,PCA,0,Luminal A,0.8686437521665963,-0.23253145484221674,-0.5222057782179829
-1.8541456,-6.0342913,PCA,3,Basal-like,0.5623998177962685,-0.6531082980711703,0.16474597358284498
-4.9950094,2.8735242,PCA,3,Basal-like,-0.5410413336041209,-0.12652017422885103,0.7505238947483079
-5.1217637,-4.288848,PCA,3,Basal-like,-0.5499158581442811,-0.35463548965146213,0.4295777921562125
-4.4063725,0.5937319,PCA,3,Basal-like,-0.48547030891057025,-0.4636327359539839,0.6870015021352929
-4.7328196,-5.37694,PCA,3,Basal-like,-0.15727758176747614,-0.6430431278886082,0.9429141815185597
-5.545999,-2.0297313,PCA,3,Basal-like,-0.6742891768707239,-0.3608652762694241,0.26079990542013815
-6.7261133,0.004228115,PCA,3,Basal-like,-0.9880337159276843,-0.6587892041004131,0.15290460860400962
-5.7218328,-3.934996,PCA,3,Basal-like,-0.4793757516008796,-0.7132183693422245,0.9449590099339912
-6.7555585,9.8653965,PCA,4,Normal-like,-0.9736730175341622,-0.09051530366230157,0.383294053394835
-4.752261,-4.778095,PCA,3,Basal-like,0.3813501363148634,-0.35511219144650574,0.7728911990604834
-4.3291583,-5.319599,PCA,3,Basal-like,-0.011483207531332564,-0.34362287836425387,0.5498854216429038
21.953104,1.3169045,PCA,1,Luminal B,1.8418645715690418,1.0572570913530182,-1.3125649200777918
-7.0276003,6.267657,PCA,3,Basal-like,-1.2393743396228287,-0.29761536614887063,0.9019715815181389
-1.180777,-5.3656383,PCA,0,Luminal A,0.5381433750518092,-0.48047792658754246,-0.09593880860757731
-5.920932,-2.448358,PCA,3,Basal-like,-0.5580347392842818,-0.6586614421332997,0.7726952642453053
-1.1122936,-5.7389336,PCA,0,Luminal A,1.2339683084600896,-0.198045463521268,-0.0941229174012943
19.80119,0.8679123,PCA,1,Luminal B,1.7979359364717198,1.0568328273387906,-1.6730656552775152
0.6369642,-4.5008907,PCA,2,HER2-enriched,0.27887012789044546,-0.7804670027090632,-0.6902869125495295
-3.079088,-4.2697606,PCA,3,Basal-like,-0.2737632885451574,-0.26871703336789726,0.6985681542037854
-5.987092,9.750584,PCA,4,Normal-like,-1.2236533568182733,-0.49356321449732754,0.04087181804516043
-0.45736703,-5.487055,PCA,3,Basal-like,0.9753789844253107,-0.30391958965005994,0.03406050205400817
-4.3840714,-1.8829966,PCA,3,Basal-like,-0.32329995784715276,-0.05973461469250127,0.28304429323497615
-6.006071,0.7648659,PCA,3,Basal-like,-0.48667969285113566,-0.3069585436379033,0.22883433332542147
2.1364887,-4.2535057,PCA,0,Luminal A,1.098779909102812,-0.23763116241496499,-0.7843401846025617
-7.613058,8.460936,PCA,4,Normal-like,-0.8752311657055184,-0.5148657453131117,0.6046771462623407
-5.394751,-2.5726902,PCA,3,Basal-like,-0.27449505078223213,-0.4721297822000906,0.8165246011839306
-5.870114,0.6343875,PCA,3,Basal-like,-0.3875950125131804,-0.2287822381141069,0.8135709759858819
-7.0203624,-0.6766691,PCA,3,Basal-like,-0.949447925950541,-0.5827846139193623,0.8656477368987209
-3.8194523,-6.214287,PCA,0,Luminal A,0.3645136865582236,-0.2322553536357322,0.36666611685707584
-0.34785226,-4.9011054,PCA,3,Basal-like,0.43985319320659355,-0.776366443937616,-0.9847693704054602
4.129023,-3.503605,PCA,0,Luminal A,0.4725614997509607,1.1224822415241182,-0.6029085446975334
0.97532344,-5.191774,PCA,0,Luminal A,0.6310587662150092,-0.21015977733585725,-0.04102499835247661
-6.292763,-0.39017248,PCA,3,Basal-like,-0.835096440913972,0.02417791075649986,0.8124161423327261
-6.9795876,3.0187078,PCA,3,Basal-like,-0.5719999132559583,-0.426437046748644,0.7840208648370287
-4.8996,-4.8210173,PCA,3,Basal-like,-0.19452230528473136,-0.29301517637804797,-0.25240543918321207
-5.909027,-3.309745,PCA,3,Basal-like,0.19021230062128355,-0.5151716815202328,0.91950023594097
-1.3793833,-5.6743827,PCA,3,Basal-like,0.6767164933899508,0.012718183197432398,0.583901324597506
-5.788638,-0.50854015,PCA,3,Basal-like,-0.4479054646075909,-0.6608555502724797,-0.04394965174453973
-6.950081,9.634756,PCA,3,Basal-like,-0.9589442974259756,0.4628362816268775,0.846064477407597
-5.078585,3.5870824,PCA,3,Basal-like,-0.7200205432512258,-0.5252050041638924,0.6749974626902407
0.14181802,-5.2520475,PCA,0,Luminal A,1.0273278534691561,-0.26117851108826334,-0.22147000172398812
-6.5377207,-0.21997166,PCA,3,Basal-like,-0.38878144058016856,-0.035297202816348267,0.9476437619382269
-5.171281,-3.4849343,PCA,3,Basal-like,-0.14046122908272213,-0.17758196182583558,0.6922790331160343
19.790142,1.119163,PCA,1,Luminal B,0.9824214419721853,0.9253542650312224,-1.4392438611459595
1.549389,-4.1560264,PCA,0,Luminal A,0.42334489836996575,-0.5447286768051198,-0.6353532147461803
10.529577,-2.420354,PCA,1,Luminal B,1.148857819855766,0.58359710958034,-1.555674933366734
-7.154857,0.21805525,PCA,3,Basal-like,-0.9541672742783598,-0.5382696024653484,0.5247875058432786
28.72634,3.5706983,PCA,1,Luminal B,1.5619443804246713,1.0402964416362517,-1.486762253147066
-0.25589073,-1.556071,PCA,3,Basal-like,-0.025412130306976293,-0.007555653742680933,0.06145561764525599
-7.584306,7.1218505,PCA,4,Normal-like,-1.1916499507201594,-0.2812667087888593,0.8665794083205376
19.86449,0.7205653,PCA,1,Luminal B,1.8973805966919968,1.170883654000989,-1.6405783548207247
-5.6992555,-2.9985108,PCA,3,Basal-like,-0.538153773100809,-0.0020192756817851085,0.6406445443872248
16.296934,-0.7311735,PCA,1,Luminal B,1.062127109556914,0.5602360305655065,-1.551704216106744
-0.17272453,-5.123975,PCA,0,Luminal A,0.931079087999602,-0.1786045638608978,-0.7361867701328559
-5.627993,6.408877,PCA,4,Normal-like,-0.06637920559291907,-0.38153925241323594,0.037436637488577444
-0.06774348,-5.301675,PCA,0,Luminal A,1.1945983677868093,0.18320555075716538,-0.23498257881989326
-6.123134,12.630285,PCA,4,Normal-like,-0.9739640929057232,0.305861061452806,-0.052403837158628175
-5.7376313,-1.881377,PCA,3,Basal-like,-0.6966338205848495,-0.2438813767412249,0.5147698021609469
-4.3028994,-4.375657,PCA,3,Basal-like,-0.2971560397231362,0.2656069678916389,0.596968219443509
19.95028,0.80896425,PCA,1,Luminal B,1.4130571239798657,0.8712460075004154,-1.59248432586804
21.512102,1.2379327,PCA,1,Luminal B,1.7459195313632057,1.1115346356651417,-1.5530282550870127
0.55662775,-4.536726,PCA,0,Luminal A,0.27887012789044546,-0.7804670027090632,-0.6902869125495295
-6.9291716,6.6168637,PCA,4,Normal-like,-0.9616467811515096,-0.6179080028101297,0.6806482225154846
-5.720215,0.36011028,PCA,3,Basal-like,-0.6536283367454796,0.022154181982334393,0.5904472611548376
-8.048298,1.357573,PCA,3,Basal-like,-1.0795420382319076,-0.874897297286509,1.1791988413298373
-5.4874725,-0.38303566,PCA,3,Basal-like,-0.19602863817317917,-0.24091619081747995,0.6689961726117665
-0.9424641,-4.507025,PCA,3,Basal-like,-0.35466901458724537,-0.6220641839901025,-0.7782338653330908
0.7162713,-4.9673586,PCA,1,Luminal B,0.8263643356844828,-0.15480558408629044,0.42863967603158026
25.934282,3.975492,PCA,1,Luminal B,1.188806720757084,0.9536667931199028,-1.268056966825031
0.4269478,-5.2146645,PCA,0,Luminal A,1.2128987818811177,0.47046029062056216,-0.33942926746029284
-3.4352064,-4.9035525,PCA,0,Luminal A,0.1578145123243815,0.6352553253061244,0.299868101857396
-6.8529673,-0.73740053,PCA,3,Basal-like,-0.563858964504628,-0.8048325973567952,1.4198615023835695
2.5165114,3.9203944,PCA,2,HER2-enriched,-0.749333623108822,0.7194756458863081,-0.4117282077937851
-5.8802567,10.332163,PCA,4,Normal-like,-0.8002401647354911,0.18498607091060024,0.11181052948970391
18.102493,0.23502207,PCA,1,Luminal B,1.187673875354845,0.30606723823816373,-1.7204764797158563
0.7233561,-4.901395,PCA,0,Luminal A,0.8992592096851609,-0.14823351721581024,0.23118361151228464
21.853632,1.4987736,PCA,1,Luminal B,1.630734017466557,0.6954535369095516,-1.3514520659207923
-5.8443832,-0.057258606,PCA,3,Basal-like,-0.5630118273791253,-0.11995017326293525,0.4707336259974092
-4.154088,-4.798804,PCA,3,Basal-like,-0.07979766089488877,-0.4067554817261089,0.7415934646453567
31.170582,5.1058564,PCA,1,Luminal B,2.077082585711794,1.226328011903725,-1.765279846562831
-5.937488,-1.7796559,PCA,3,Basal-like,-0.41787529924499306,-0.23285659112044785,0.9538483564171073
0.10347834,-4.8716984,PCA,0,Luminal A,0.45869085734813175,-0.3906988126974434,-0.3832648879442884
-3.94048,7.115932,PCA,4,Normal-like,-0.449414944237634,0.19523619485591406,-0.526270208689441
-8.222579,9.063219,PCA,3,Basal-like,-0.6927943671357095,-0.2987442314072761,0.43318206053703806
1.0987134,-4.7716107,PCA,3,Basal-like,0.8478618350328818,0.2806875179079591,-0.012362040555674487
-5.8092685,-3.966063,PCA,3,Basal-like,-0.3046457257705957,-0.645773444248203,0.9540590674083387
-5.4740114,4.528548,PCA,3,Basal-like,-0.6317286856666761,0.028732983278077925,0.6881957582120848
2.1822767,-3.7414732,PCA,0,Luminal A,-0.04109130651973811,2.1379142864426095,-0.3077391035946941
0.13127449,-5.1129465,PCA,0,Luminal A,1.1845903795201769,0.15004105326478878,-0.8267621452011874
-5.8409266,4.6289716,PCA,4,Normal-like,-0.5546501901109122,0.0740457555771647,0.11943836082453704
-5.0274377,-4.4260654,PCA,3,Basal-like,-0.21791316145733275,-0.23828017577814942,0.6038990558502999
13.30844,-1.7331891,PCA,1,Luminal B,1.216594350133361,1.1330504193269337,-1.2643640950265795
-5.935862,-3.438054,PCA,3,Basal-like,-0.5170013999304514,-0.5182166469201754,0.33775323143492963
2.1209693,-4.8786073,PCA,3,Basal-like,0.6553743521932516,-0.33918694723657383,-0.4253737451376388
-6.504428,-2.112874,PCA,3,Basal-like,-0.5478874685652968,-0.6536024110147235,0.963874660536715
-0.713352,-5.379284,PCA,3,Basal-like,0.7847661931304668,-0.4441119895953094,-0.04924780016449341
12.059724,-2.127905,PCA,0,Luminal A,1.3267930611482752,0.8648058099439865,-0.7096380063672509
-5.1196666,-3.9650383,PCA,3,Basal-like,-0.7016205926026727,-0.5218990861669792,0.5958822578477588
19.307474,0.85031414,PCA,1,Luminal B,0.9024771664497999,0.19098874145477607,-1.275111306860429
-1.1382993,-4.997795,PCA,3,Basal-like,-0.27699314498248884,-0.8404733905903321,-0.6459921657745803
23.688549,2.6029239,PCA,1,Luminal B,1.6487285597331662,1.2409664046452995,-1.6448630791969565
-5.3063984,-3.4899209,PCA,3,Basal-like,-0.6135704052835035,-0.4640173053380601,0.3440242986947567
13.855702,-1.622715,PCA,1,Luminal B,1.3374322021222311,0.7581064082244943,-1.6682799657294698
-2.0874734,1.1700296,PCA,3,Basal-like,-0.09247538636812105,-0.5626982866568824,0.6672481593993369
-6.1170125,8.608473,PCA,4,Normal-like,-1.2669262873643108,-0.35239870384611754,0.3470419775387068
20.364676,0.9154291,PCA,1,Luminal B,1.710971076371652,1.0406579274412804,-1.6465289292640237
19.360003,0.62111807,PCA,1,Luminal B,1.0729674505668878,1.4151754710951814,-1.6945845639270005
-8.117241,12.059797,PCA,4,Normal-like,-0.6431245253540462,-0.06980572212794785,0.7913407669006485
-6.631881,-0.7981334,PCA,3,Basal-like,-0.7980759489762188,-0.5775541889754439,0.8416820802136881
0.38351527,-4.9871826,PCA,0,Luminal A,0.8592795601091996,0.0023925182815196858,-0.13101837086691104
22.583246,1.6150584,PCA,1,Luminal B,2.042844266500825,1.2007600946127046,-1.498295769115909
-5.3564544,-3.4499526,PCA,3,Basal-like,-0.6525532295340007,-0.06440373153557259,0.7782958226657894
3.5709872,-4.4399595,PCA,1,Luminal B,1.2225876111146905,0.1366576938670968,-0.6349307006209299
1.5716192,-4.8444405,PCA,2,HER2-enriched,1.2712104696525677,0.37362709096399477,-0.3973175184607274
-6.9063416,7.4868855,PCA,4,Normal-like,-0.6541285456468002,-0.845249551088361,0.5347957875246088
3.799796,1.83642,PCA,2,HER2-enriched,-0.4508891493859266,1.6361501271316947,-0.38696737722270225
0.2675601,-4.723856,PCA,4,Normal-like,0.27483188982675844,-0.569550589386976,0.1311642493199567
-5.0151987,8.267376,PCA,4,Normal-like,-0.611069927873892,0.035317112453180394,0.1701199276192843
16.85408,1.4315653,PCA,1,Luminal B,0.15603639094518051,0.1986556392837215,-1.2885582397911024
-4.942493,-4.1194067,PCA,3,Basal-like,-0.2174738706772284,-0.1800541827606268,1.0216984346577629
-5.1129284,6.603706,PCA,4,Normal-like,-0.7194446176937247,0.3581994113424299,0.22778183865905555
-1.0927145,-5.47471,PCA,3,Basal-like,0.20351850583683265,0.2259881306703788,-0.1347366489624032
-4.8267994,8.01082,PCA,4,Normal-like,-0.9442409291590004,0.2105983239445145,-0.04070099731135006
-7.25212,-0.45032883,PCA,3,Basal-like,-0.9429761618822574,-0.9831165266844543,0.6463738653555928
-6.5207057,-2.3795798,PCA,3,Basal-like,-0.5194084354342214,-0.7093377631339358,0.9862311298198088
-3.5141315,-5.0908966,PCA,3,Basal-like,0.09482137400747803,-0.06483699386454773,0.601010749135433
-0.5727199,7.2008233,PCA,2,HER2-enriched,-0.6387123841499537,1.5068214064285104,-0.8703186486536056
1.6058264,-4.442275,PCA,1,Luminal B,0.6838493047001943,-0.20814402351305178,-0.5689774980451109
-5.941223,10.329634,PCA,4,Normal-like,-1.1400814641340946,-0.1850619987995097,0.44318387894310984
-6.500565,4.700869,PCA,4,Normal-like,-1.1811076451597438,-0.2762050058746025,0.22760091060871543
-5.3287673,6.0390964,PCA,4,Normal-like,-0.5396240572371223,-0.060624817983080434,0.33022130496473795
5.306514,3.63094,PCA,2,HER2-enriched,-0.43388519016357757,2.107186562691088,-0.4062194333600298
-3.8300238,7.3878007,PCA,2,HER2-enriched,-0.6442987866788382,0.6933977829417467,-0.4558588941118793
-5.00445,0.8992872,PCA,3,Basal-like,-0.7073570937008117,-0.24524687824631886,0.08050232533335426
-3.8770616,-4.8655925,PCA,3,Basal-like,0.07793347600213366,-0.5917079068403701,0.9325148230715701
-1.0953971,-5.8024526,PCA,3,Basal-like,0.7136333095312918,-0.3225478313702076,-0.2870737226773482
-6.4087386,2.3450823,PCA,3,Basal-like,-0.567119625246256,-0.4023487304255997,1.0387186954463077
0.6697844,-4.885786,PCA,0,Luminal A,1.0513949422856097,-0.23078870809039354,0.032508808932576405
0.98512757,-5.16668,PCA,1,Luminal B,0.9242637626105799,-0.03836001567071734,0.18186901552296658
-4.048754,-5.495318,PCA,3,Basal-like,0.22766346994758718,-0.17302932134738008,0.6227295210771991
-5.1176095,-4.7673926,PCA,3,Basal-like,-0.22124035570792042,-0.20458885656723616,0.4913225415246373
10.347157,6.3372903,PCA,2,HER2-enriched,0.09947401555712712,2.0271533520969447,-1.2208821886233907
-1.8541456,-6.0342913,PCA,0,Luminal A,0.5623998177962685,-0.6531082980711703,0.16474597358284498
-2.3358045,-5.396838,PCA,3,Basal-like,-0.017099794506319682,-0.8537223260126365,-0.642792852128323
5.217463,4.833958,PCA,2,HER2-enriched,-0.4072266896843879,1.6673866651456537,-0.8513071704707771
-5.103185,-3.607386,PCA,3,Basal-like,-0.4889324546556172,-0.29880832236833615,0.7659117883103186
-4.586967,-4.737773,PCA,3,Basal-like,-0.2931714676840693,-0.06617798384330482,0.5289839904833937
20.07584,1.426714,PCA,1,Luminal B,1.2445899645500975,0.7333018758488313,-1.304911666093476
-7.8556347,1.7088666,PCA,3,Basal-like,-0.7541144512835032,-0.2742572321367258,0.9461565835790133
-1.8489587,-5.0907006,PCA,3,Basal-like,-0.23993642703106774,-0.7669947332505922,-0.9051293127056413
0.5932722,-4.552405,PCA,0,Luminal A,0.6583729610035735,-0.3733008639072946,-0.5398017867972812
19.381138,0.66592693,PCA,1,Luminal B,0.683375334239225,0.9749070054131003,-1.1368540708082486
-5.1083784,-3.414421,PCA,3,Basal-like,-0.8698625974724661,-0.32072157109641386,0.3285141325417442
-5.057128,9.690973,PCA,4,Normal-like,-1.026686195883051,0.6544322125585919,-0.20839691053389564
0.8004782,-4.9232993,PCA,0,Luminal A,1.076074932237347,0.10054199541328893,-0.7889551941626912
0.66895914,-4.5932736,PCA,0,Luminal A,0.26127432041919674,-0.6374925247137828,-0.6584920810961146
0.19092491,-5.5024343,PCA,0,Luminal A,0.894787467808213,0.057056503317483326,-0.19091372520330502
-7.008735,7.924516,PCA,4,Normal-like,-1.1838423446681539,-0.8870456859605755,0.9221050584125946
25.147636,3.0460086,PCA,1,Luminal B,1.4143390176214385,0.838474592677758,-1.4081739853573516
0.48167828,4.496259,PCA,2,HER2-enriched,-0.6592644099457201,0.7988894539862622,-0.1859269159129981
-1.129202,-4.993827,PCA,0,Luminal A,-0.27699314498248884,-0.8404733905903321,-0.6459921657745803
0.47415724,-5.0573053,PCA,0,Luminal A,1.076074932237347,0.10054199541328893,-0.7889551941626912
-4.4395504,8.779419,PCA,4,Normal-like,-0.7645832734199491,-0.02038385065078394,0.13491812402976103
-5.7089615,8.505272,PCA,4,Normal-like,-0.7381383161319083,0.5226647900647464,0.5541322614098938
-7.774712,-1.4236219,PCA,3,Basal-like,-0.7225724760214284,-0.45622466714518567,1.1639614410790549
-5.632536,9.468664,PCA,4,Normal-like,-0.7342302360654939,0.6432364640128143,0.3177113075768806
20.747955,0.72784615,PCA,1,Luminal B,1.6054367142421786,1.1456543611264598,-1.1353134737232087
-3.257353,-0.36293936,PCA,3,Basal-like,-0.19137959391834072,-0.27052625136834246,-0.020937331479834634
17.79752,-0.11980295,PCA,1,Luminal B,1.4817146238456156,1.3406111788522725,-1.1200414300454988
-4.20704,-3.0408537,PCA,3,Basal-like,0.05688700503256881,-0.40081435564300544,0.8769258397487448
-5.4143586,5.753671,PCA,4,Normal-like,-1.0690057540851465,0.29086132595945086,-0.29676400867482405
21.978643,2.106256,PCA,1,Luminal B,1.95728701968647,1.350502779491431,-1.769145767896165
-7.4249573,0.30560017,PCA,3,Basal-like,-1.0959839292048055,-0.8072269951516561,0.34663828793491136
-6.905767,10.489761,PCA,4,Normal-like,-1.087661816972632,-0.32968708174535927,0.3979603756692789
-6.873847,5.8136954,PCA,3,Basal-like,-0.8518387403224026,-0.06978273870481785,0.8110818220095634
-6.2516103,10.326126,PCA,4,Normal-like,-1.1480623803176602,-0.41767437055673295,0.5992635547280669
