feature_index,score,feature_name
309,1.7515966377296115,ESR1|2099
881,1.4008897957718356,TBC1D9|23158
361,1.350033165784314,FOXC1|2296
125,1.3364103615577763,C6orf97|80129
570,1.2546213315323194,MLPH|79083
307,1.1826832297924745,ERBB4|2066
800,1.1633426482892966,SFRS13B|135295
22,1.1203550040619081,AGR3|155465
277,1.0990525665833775,DNALI1|7802
892,1.0362240916919967,TFF3|7033
47,1.0119047474714773,ART3|419
216,0.9786672147167027,CMBL|134147
403,0.976665857980323,GPR77|27202
699,0.9688556841926197,PRR15|222171
20,0.9631224600078647,AFF3|3899
246,0.9605338292740276,CXorf61|203413
705,0.9588576890991233,PSAT1|29968
507,0.9558869080570471,LEMD1|93273
548,0.9459301555524412,MAPT|4137
424,0.9391312561432321,HORMAD1|84072
138,0.9390360246933487,CA12|771
894,0.9284223486419936,THSD4|79875
835,0.9243901338332553,SLC7A8|23428
369,0.9226536552796651,FZD9|8326
766,0.9066301777562797,ROPN1|54763
825,0.9059991054820324,SLC44A4|80736
614,0.9003008849958893,NOSTRIN|115677
333,0.8981458717108344,FAM47E|100129583
166,0.8884405063071161,CCNE1|898
784,0.8781826981983097,SCUBE2|57758
1,0.8774831070052597,A2ML1|144568
370,0.8721381546475575,GABBR2|9568
360,0.8603957290404974,FOXA1|3169
689,0.8453345139490702,PPP1R14C|81706
46,0.8393690812881767,ARSG|22901
702,0.8355390757933554,PRSS33|260429
378,0.8314496217708289,GATA3|2625
401,0.8304712514837091,GPR160|26996
457,0.8301410747454514,KCNJ11|3767
255,0.8280417511421774,DACH1|1602
48,0.8275240778560465,AR|367
132,0.8259088138344882,C9orf170|401535
238,0.8240746657072585,CT62|196993
807,0.8178954545171743,SIDT1|54847
2,0.8122046464057339,ABAT|18
976,0.8076670250483058,XBP1|7494
300,0.8030835234603473,EN1|2019
202,0.802285706889883,CHODL|140578
39,0.8004787189034295,ANXA9|8416
367,0.8004640776867656,FSIP1|161835
194,0.7990293733891741,CENPW|387103
816,0.7877523635160018,SLC22A5|6584
964,0.7835508218057623,VGLL1|51442
687,0.7706854112522521,POU4F1|5457
10,0.7652051324007357,ACADSB|36
62,0.7640034679531633,B3GNT5|84002
66,0.7619696654788017,BBS4|585
518,0.7618583281703906,LOC145837|145837
326,0.7609722618554482,FAM171A1|221061
980,0.7587549603258406,YBX1|4904
192,0.7575832032840274,CENPN|55839
867,0.7574221879898321,SUV39H2|79723
215,0.7546317811398887,CLSTN2|64084
108,0.7517909768592289,C1orf64|149563
21,0.747253337660754,AGR2|10551
151,0.7453875908096815,CCDC125|202243
380,0.7374188081560222,GFRA1|2674
161,0.733314373899024,CCKBR|887
891,0.7331573100073617,TFF1|7031
591,0.7322183108980794,NAT1|9
634,0.729788605592412,OCA2|4948
524,0.7263175497968537,LONRF2|164832
431,0.7252760132929787,IFRD1|3475
445,0.7210479742590168,INPP4B|8821
245,0.7207164964926404,CXorf49B|100132994
754,0.7198957024185622,RHOB|388
117,0.7197206159516951,C4orf34|201895
70,0.7167459178978636,BCL11A|53335
667,0.716570421967241,PGR|5241
346,0.7141286403761067,FBP1|2203
567,0.7139584672520914,MICALL1|85377
496,0.7114505533972049,KRT16|3868
692,0.6985450977931656,PRDM13|59336
996,0.6949206878985765,ZNF552|79818
773,0.6927720599256251,RUNDC1|146923
765,0.68984166290676,ROPN1B|152015
469,0.682829999256486,KIAA1370|56204
239,0.6803504108305709,CTPS|1503
269,0.6788513106111461,DMRT1|1761
940,0.676061704660379,TTLL4|9654
658,0.6756334845053443,PDSS1|23590
308,0.6743806696233601,ERGIC1|57222
859,0.6731993293379787,STAC|6769
69,0.673066556629745,BCAS1|8537
5,0.6691513844381075,ABCC8|6833
902,0.6678975589753404,TMBIM6|7009
748,0.667796762684752,RGMA|56963
251,0.6672910132545367,CYP2B7P1|1556
865,0.6667752224323927,SUOX|6821
184,0.6654895414649599,CDK2AP1|8099
171,0.6629274275008911,CDC123|8872
566,0.6622484883935061,MIA|8190
284,0.66131972855671,DSCC1|79075
200,0.6608806102103485,CHEK1|1111
30,0.6525822167768949,ANKRA2|57763
938,0.650640132947598,TTC8|123016
523,0.6491056350691186,LOC84856|84856
455,0.6479999715238292,KCNG1|3755
123,0.6471229414286056,C6orf211|79624
310,0.6461291894101636,ESYT3|83850
901,0.6449602401580434,TMBIM4|51643
721,0.6438283908375816,RABEP1|9135
619,0.6420224538753985,NR2E1|7101
407,0.6399248536545451,GREB1|9687
904,0.6383284311024965,TMCC2|9911
101,0.6357260720114655,C17orf28|283987
124,0.6339677969772468,C6orf218|221718
459,0.6332792787710267,KCNK5|8645
801,0.6332504211251179,SFT2D2|375035
338,0.6316833310942386,FAM72B|653820
451,0.6309347190015767,IVD|3712
952,0.6294795563382779,UBXN10|127733
584,0.6281640602347373,MTHFD1L|25902
749,0.6268996834077087,RGR|5995
31,0.6264058287903068,ANKRD30A|91074
104,0.6263348711439884,C1QL4|338761
718,0.6257977732427237,PTX3|5806
972,0.6230032188241926,WFS1|7466
84,0.6227614789873551,C10orf32|119032
657,0.6222111842685553,PDIA6|10130
416,0.6218256999927027,HAPLN3|145864
744,0.6215920714435608,REEP6|92840
71,0.6194012325896551,BCL2|596
281,0.618474551723408,DONSON|29980
626,0.6184385334953698,NUDT12|83594
335,0.6180863976223181,FAM63A|55793
119,0.6179077889311102,C5orf36|285600
745,0.6172325528829513,RERG|85004
824,0.6164663621700552,SLC43A3|29015
276,0.6154920648566397,DNAL1|83544
243,0.6152284564493311,CXCL5|6374
261,0.6150408635738178,DEGS2|123099
533,0.614957555832957,LRTOMT|220074
747,0.6117962935981666,RFC4|5984
365,0.6114860491895736,FSCN1|6624
688,0.6113849277826741,POU5F1|5460
0,0.6101280454036793,?|90288
436,0.610082301904228,IGF2BP3|10643
96,0.6097404102742205,C15orf42|90381
351,0.6091128478812672,FERMT1|55612
464,0.6087783390511903,KDM4B|23030
268,0.6080156131793167,DLX6|1750
936,0.6046244455546032,TTC36|143941
876,0.6045229775121889,TADA2B|93624
356,0.6043519182291732,FLJ45983|399717
148,0.6040633226300628,CASC1|55259
289,0.6035542934408469,DYNLRB2|83657
301,0.603369091843573,ENO1|2023
630,0.6026341574926529,NUP93|9688
173,0.6010438611851809,CDC25A|993
392,0.6005678194733162,GMPS|8833
94,0.6004453402937474,C14orf45|80127
933,0.600196395433018,TSPAN1|10103
510,0.5995005797594363,LIN28B|389421
736,0.5981489068827133,RASGEF1C|255426
27,0.5977374825058085,AMY1A|276
501,0.5973335469741946,L3MBTL4|91133
331,0.5966801069549734,FAM19A3|284467
955,0.5958009383082217,UGT8|7368
188,0.5955775949943181,CENPA|1058
941,0.5955517785355307,TTYH1|57348
990,0.5950154849528208,ZMYND10|51364
141,0.594980600877873,CACNA2D2|9254
181,0.5948776641682887,CDCA7|83879
395,0.5939641501951018,GPD1L|23171
697,0.592932377095674,PRKX|5613
974,0.5926292701485197,WNT6|7475
981,0.5911189229531506,YEATS2|55689
820,0.5910747615957634,SLC26A9|115019
412,0.5910586944983566,GTPBP4|23560
147,0.5908248618590691,CAPN8|388743
334,0.590210930487438,FAM54A|113115
59,0.5900064266756406,AURKA|6790
547,0.5880999927158429,MAPK4|5596
40,0.5865367819498583,APBB2|323
372,0.5864318980804722,GABRP|2568
500,0.5856088071312965,KRT9|3857
556,0.5851296107810897,MCM6|4175
41,0.5842065576865855,APH1B|83464
844,0.5838697738556129,SOX11|6664
466,0.5815295860880885,KIAA0040|9674
529,0.581008468371548,LRP8|7804
528,0.5809836000690843,LRIG1|26018
126,0.5802986411351592,C7orf63|79846
12,0.5799847129355734,ACOT4|122970
182,0.5795746635107688,CDCA8|55143
849,0.5780287988809442,SPDEF|25803
552,0.5773500088228908,MCM10|55388
144,0.5769651555189843,CAMKV|79012
882,0.5764541036544342,TBX19|9095
821,0.573814946851605,SLC39A6|25800
900,0.5734665889742798,TLX3|30012
706,0.5719019574359655,PSMB2|5690
206,0.571806181790616,CHST2|9435
868,0.5717368694083806,SYBU|55638
244,0.5716426981835794,CXXC5|51523
538,0.5711880440664819,MAGEB4|4115
435,0.5691362282557373,IGF2BP2|10644
640,0.5687004248915816,ORC6L|23594
666,0.5686954653774952,PGPEP1|54858
349,0.5680909230396349,FBXO36|130888
323,0.5671205135310018,FAM136A|84908
762,0.5664473402480867,RNF103|7844
468,0.5661910434013849,KIAA0232|9778
874,0.5648857993581982,SYTL4|94121
116,0.5648221283971427,C4orf32|132720
812,0.5638922088737973,SLC15A1|6564
799,0.5637246946819874,SFRP1|6422
313,0.5634238440537322,EXOC6|54536
600,0.5623298781771073,NCRNA00092|100188953
208,0.5602266919844872,CIRBP|1153
133,0.5593391325516602,C9orf30|91283
193,0.5589317627064875,CENPO|79172
737,0.55880332459947,RBM17|84991
638,0.5582135806079211,OPRK1|4986
495,0.5570698178213046,KPNA2|3838
210,0.5557756158683437,CKS1B|1163
863,0.5536334936055961,STMN1|3925
755,0.5535843342471857,RIOK1|83732
855,0.5518315879403348,SRPK1|6732
926,0.5516751608933115,TRIP13|9319
327,0.5512655399196902,FAM174A|345757
387,0.5512040579293088,GJB3|2707
65,0.5512026789535405,BBS1|582
530,0.5505605594091177,LRRC46|90506
686,0.5504691547722909,POP1|10940
919,0.5486912108371159,TPX2|22974
945,0.5474605254634061,TUBB|203068
250,0.5467932813199128,CYP27C1|339761
155,0.5467277765466815,CCDC48|79825
157,0.5464053666449611,CCDC77|84318
296,0.5463348631224793,EFCAB6|64800
488,0.5449878346406897,KLHDC2|23588
17,0.5448726973505503,ADAMTS15|170689
410,0.5447381435739951,GSG2|83903
317,0.5447112282890243,FABP7|2173
764,0.5444960338079577,RNF8|9025
572,0.5441654617471681,MOAP1|64112
562,0.5436962738393535,MEMO1|51072
595,0.543297152734582,NCAPD2|9918
504,0.5429936439467752,LCMT2|9836
851,0.5429925143417159,SPEF2|79925
381,0.5428693775368539,GFRA3|2676
465,0.5427875244115682,KIAA0020|9933
931,0.5417313038848621,TSPAN13|27075
727,0.5411870248939733,RAET1L|154064
644,0.5408202657962524,PAK1IP1|55003
411,0.540689431606832,GSTP1|2950
669,0.54048367991775,PHGDH|26227
795,0.540190221659449,SERPINA11|256394
676,0.5400437271228904,PLOD1|5351
487,0.5391984749664647,KLHDC1|122773
831,0.5381209026425123,SLC6A2|6530
178,0.5378250636820695,CDCA2|157313
581,0.5376434736465217,MSL3|10943
130,0.5374894835430514,C9orf116|138162
162,0.5372715822956111,CCNA2|890
56,0.5367539954367747,ATP6V1C2|245973
379,0.5366890730264953,GDF5|8200
353,0.5357612807538533,FGFBP1|9982
756,0.5348584428455923,RIPK2|8767
743,0.5336204891281211,REEP5|7905
649,0.533588200011873,PCBD2|84105
454,0.533365994102701,KCMF1|56888
135,0.5305386483109182,C9orf53|51198
757,0.5297007462591081,RLBP1|6017
88,0.529384576182231,C11orf86|254439
975,0.5293563784783598,WWP1|11059
997,0.5289848985517108,ZNF695|57116
808,0.5287793474133007,SKA1|220134
783,0.5271033047545052,SCRG1|11341
137,0.5263728347872388,C9orf98|158067
674,0.5257220000855751,PLK1|5347
551,0.5245554482875582,MCCC2|64087
98,0.5243807583692391,C16orf57|79650
254,0.523564582323029,CYP4Z2P|163720
332,0.5234572139828788,FAM19A4|151647
444,0.5228753997615309,INGX|27160
110,0.5217840807775718,C20orf26|26074
677,0.521456838169369,PM20D2|135293
709,0.5214210842992401,PSMG1|8624
91,0.5212524160266304,C12orf72|254013
886,0.5209806152787062,TCF19|6941
978,0.5209580411143608,XPO5|57510
590,0.5201556669310187,NASP|4678
643,0.5194352237783652,P4HTM|54681
362,0.5193462532350531,FOXM1|2305
260,0.5187186125504367,DDN|23109
728,0.5185347791802265,RAI2|10742
680,0.5183825566539625,PNPLA4|8228
3,0.5175214345952481,ABCA13|154664
917,0.5171869538662898,TPRG1|285386
628,0.5169164125914818,NUDT5|11164
439,0.5168492495235916,IL12RB2|3595
909,0.516719927328136,TMEM39B|55116
458,0.515349110639492,KCNK15|60598
228,0.5135661500271438,CPEB2|132864
107,0.5134956212648057,C1orf135|79000
602,0.5127849933709812,NDC80|10403
302,0.5126520799658124,ENPP1|5167
404,0.5126414768909838,GPR81|27198
939,0.5125147843335344,TTK|7272
751,0.512481025455671,RGS22|26166
804,0.5112574338714233,SH3GL3|6457
993,0.5110376720811852,ZNF442|79973
639,0.5107230457610431,ORC1L|4998
752,0.5105902573629593,RHCG|51458
522,0.5100755484391131,LOC84740|84740
738,0.5093294061063677,RBM28|55131
958,0.5092319791103898,ULBP3|79465
862,0.5084497452915809,STK38|11329
637,0.508429902807629,OLAH|55301
599,0.5080555344685483,NCK2|8440
212,0.5078946097045366,CLCN4|1183
987,0.507797063345864,ZIC1|7545
253,0.5074319707471142,CYP4B1|1580
68,0.5066792995392004,BCAM|4059
172,0.5065893056566853,CDC20|991
568,0.5058357202466339,MID1|4281
845,0.5056895290015557,SOX8|30812
564,0.5049227530025372,MFI2|4241
8,0.5048915885399567,ABLIM3|22885
374,0.5048907952529074,GAL|51083
45,0.5027976665139673,ARL9|132946
967,0.5024039438510782,WDR19|57728
340,0.5018998992513612,FAM83D|81610
398,0.5016870245964992,GPN1|11321
273,0.5013200634327438,DNAJC12|56521
998,0.5001788007171809,ZNF703|80139
397,0.49911378939610257,GPM6B|2824
37,0.49910241181736287,ANP32E|81611
884,0.4990503418937739,TCEAL1|9338
467,0.49904742108070405,KIAA0141|9812
872,0.4989593724132065,SYT9|143425
589,0.4984234405411654,MYRIP|25924
330,0.49807855025916103,FAM198B|51313
498,0.4977265860433007,KRT6C|286887
563,0.49693373937598245,MFGE8|4240
506,0.49685630924248536,LDHB|3945
103,0.4968226074468696,C1QL2|165257
179,0.4959273011379191,CDCA3|83461
195,0.4948926795930691,CEP55|55165
336,0.4947746322487592,FAM64A|54478
149,0.4940095086361919,CBX2|84733
905,0.4939051475183911,TMEM144|55314
420,0.4931534157362362,HHAT|55733
597,0.49237354053982174,NCAPG|64151
207,0.49187352107184695,CHST3|9469
271,0.4915161006554699,DNAH7|56171
60,0.49124960371451903,AURKB|9212
575,0.4912484468366992,MPP6|51678
519,0.49112013628738704,LOC284578|284578
815,0.4910694155122912,SLC22A16|85413
345,0.49104730463211477,FBN3|84467
502,0.49057568073524005,LANCL3|347404
672,0.4905141113191584,PI3|5266
778,0.48984285199846717,SCHIP1|29970
723,0.4897134698375045,RAD51AP1|10635
272,0.48950361971819767,DNAJB11|51726
805,0.4892798185985624,SHC4|399694
994,0.4892143248039511,ZNF454|285676
887,0.4882312327074334,TCF7L1|83439
422,0.48817203888783517,HJURP|55355
180,0.4879547555394743,CDCA5|113130
843,0.48721543791827215,SOX10|6663
236,0.4870742562208102,CSRP2|1466
883,0.48707209825859227,TCAM1P|146771
134,0.48630748551598263,C9orf40|55071
526,0.486105210973669,LPO|4025
730,0.48596671743078756,RALGPS2|55103
475,0.4858378763596427,KIF13B|23303
668,0.48538720458852613,PHF15|23338
889,0.484650841574887,TENC1|23371
516,0.4843686194553193,LOC100130148|100130148
534,0.4843624384485816,LY6D|8581
565,0.48418358991139426,MGC3771|81854
339,0.4831562203044666,FAM72D|728833
375,0.4831541590732434,GAMT|2593
635,0.4828838926645581,ODC1|4953
950,0.4827277787644746,UBE2T|29089
617,0.4819077476821734,NPM2|10361
315,0.4812516163983501,F7|2155
57,0.48090470814328246,ATP7B|540
714,0.48063858112690233,PTPRT|11122
543,0.47945429894679165,MAML3|55534
713,0.4787504250363127,PTPN2|5771
860,0.47870592579196797,STIL|6491
461,0.4786849560598546,KCNS1|3787
393,0.478581381681228,GOLGA1|2800
537,0.4785445380212014,MAD2L1|4085
483,0.47853367548545106,KIF2C|11004
814,0.47832704445274327,SLC16A6|9120
18,0.4782750749262814,ADCY9|115
26,0.47823932849952483,AMD1|262
618,0.4778502745280389,NPNT|255743
189,0.4776571737863565,CENPE|1062
258,0.4775434110829144,DBF4|10926
623,0.47727371819059844,NT5DC2|64943
191,0.47696798684551384,CENPL|91687
198,0.47658722953159166,CHAD|1101
719,0.47654902353808193,PVR|5817
802,0.4763594562174451,SGOL1|151648
79,0.4760126535115841,BTG3|10950
608,0.47561028716148446,NEK9|91754
262,0.47542595270972454,DEK|7913
673,0.4751247511340389,PIF1|80119
520,0.4749840513589747,LOC285629|285629
337,0.4748771959354695,FAM72A|729533
631,0.47411716492767125,NXNL2|158046
770,0.47363443516907844,RRP1B|23076
509,0.47302580736296496,LIMA1|51474
58,0.4727319908462765,ATP8B1|5205
731,0.4725760530401435,RANBP1|5902
965,0.47247286410552497,VIPR1|7433
794,0.47246474421087137,SERBP1|26135
759,0.4724595134136899,RNASE4|6038
971,0.47222201865068336,WDR93|56964
342,0.47181852311046113,FANCB|2187
767,0.47125361421920303,RPH3AL|9501
222,0.47105952372812904,CNTNAP3|79937
846,0.47105578349258237,SPAG5|10615
585,0.4710070534171939,MYBL2|4605
720,0.47059824629085784,RAB5B|5869
99,0.4704725094924455,C16orf61|56942
321,0.4702483262462695,FAM123B|139285
514,0.4700622255490611,LOC100127888|100127888
318,0.47001442008754457,FAF1|11124
792,0.4695330565875422,SEPHS1|22929
734,0.46948017151033133,RARA|5914
772,0.46918895495098295,RTN4RL1|146760
163,0.4689624206024012,CCNB1|891
492,0.4686080160464514,KLK6|5653
710,0.4685939339441742,PTCHD1|139411
779,0.46810535695376476,SCN2B|6327
74,0.46795330800668683,BIRC5|332
923,0.4677272164350421,TRIM3|10612
78,0.4674600835173719,BTG2|7832
264,0.46683588499483336,DEPDC1|55635
793,0.46599194922925263,SEPSECS|51091
159,0.4654550414487576,CCDC96|257236
733,0.46533558584035817,RAPGEF3|10411
11,0.4651863888907113,ACE2|59272
903,0.4651170908769223,TMC5|79838
418,0.4646177707914585,HDGF|3068
414,0.46420458471787734,GTSE1|51512
240,0.4641670918259873,CX3CL1|6376
861,0.4639486219777637,STK32B|55351
417,0.46376205589809166,HDAC2|3066
678,0.4635765270520064,PNMA3|29944
136,0.4631394790840728,C9orf64|84267
164,0.46289919054513723,CCNB2|9133
497,0.462296397186846,KRT6B|3854
661,0.4622704814037493,PGBD5|79605
992,0.46217435816577057,ZNF396|252884
858,0.461854739395404,ST8SIA1|6489
400,0.4615566285207606,GPR156|165829
833,0.4613718613273191,SLC7A2|6542
394,0.46049462490970156,GP2|2813
440,0.46033810309293527,IL34|146433
402,0.4603068525826225,GPR161|23432
341,0.45972834923213735,FANCA|2175
671,0.4595731002498896,PHYHD1|254295
320,0.45951911274711293,FAM120AOS|158293
682,0.45942564181645146,POLQ|10721
561,0.459188265306315,MELK|9833
535,0.45897610358921676,LYAR|55646
979,0.45896588720621617,YARS|8565
942,0.45896072259964077,TUBA1C|84790
557,0.45848388240924515,MCM7|4176
292,0.45831521532388214,E2F3|1871
312,0.4581552200538577,EXO1|9156
695,0.4580816153686317,PRIM2|5558
969,0.45793132766837974,WDR67|93594
427,0.45788018198764996,HRK|8739
183,0.45785512853507176,CDK1|983
95,0.4575567474107114,C15orf23|90417
586,0.4572962533462775,MYH11|4629
954,0.4572699337998985,UCK2|7371
28,0.45708315387096554,ANKLE1|126549
810,0.45681780520961784,SKP1|6500
726,0.4566621190436123,RAD54L|8438
701,0.4564882105288166,PRSS12|8492
873,0.4555721163040934,SYTL2|54843
598,0.4554377760682002,NCAPH|23397
722,0.4553889351896026,RACGAP1|29127
999,0.45469302203917594,ZNF763|284390
984,0.45456594299379566,ZBTB4|57659
43,0.45446930747707637,ARHGAP11A|9824
67,0.4537293369889546,BBS5|129880
328,0.45362386968216856,FAM174B|400451
511,0.45351739256300133,LMO4|8543
915,0.4530058316903858,TP53INP1|94241
169,0.4527970240128124,CCT5|22948
80,0.4526440820376001,BUB1|699
174,0.4525124716679902,CDC25B|994
554,0.4521084839282872,MCM3|4172
603,0.45208417710759413,NDUFAF4|29078
44,0.45189300159217716,ARHGEF4|50649
456,0.4518222692870949,KCNH1|3756
605,0.4510045266964633,NEK10|152110
559,0.45064795980953787,MED30|90390
75,0.45039785263120447,BLM|641
916,0.45036773453191137,TPCN1|53373
146,0.45021180526780796,CAPN13|92291
539,0.4498626095163656,MAGED2|10916
611,0.44959580805755717,NOL10|79954
406,0.44952047069393336,GPSM2|29899
693,0.44930949562260647,PREX1|57580
913,0.44861537666984164,TMSB15A|11013
553,0.44842880606039276,MCM2|4171
505,0.44833216971399775,LCTL|197021
609,0.44799895790412164,NIP7|51388
544,0.44796491091447777,MAN2B2|23324
531,0.447762920717878,LRRC48|83450
224,0.44765385407502767,COL11A2|1302
878,0.4474579672722427,TAF5|6877
204,0.4470240367064143,CHRM3|1131
113,0.44696875309084166,C2orf55|343990
479,0.4467906568938075,KIF18A|81930
383,0.4466913224120001,GIN1|54826
588,0.4465485305130742,MYO5C|55930
203,0.4462952316848997,CHRD|8646
477,0.4461621342272736,KIF15|56992
437,0.44557111734771565,IGFALS|3483
847,0.4454376930529316,SPARCL1|8404
948,0.44526091039624777,UBE2C|11065
93,0.44440879900652075,C14orf174|161394
806,0.4443343818583516,SHCBP1|79801
724,0.444008031372469,RAD51|5888
150,0.443954670618164,CBX7|23492
486,0.4439093130051582,KIFC1|3833
648,0.4438921190571872,PAPSS1|9061
127,0.4434451657532096,C8orf47|203111
266,0.44312976288959083,DKC1|1736
242,0.44297378458891995,CXCL3|2921
399,0.4422959607561761,GPR12|2835
670,0.44221007135905127,PHOSPHO2|493911
13,0.44205624288970546,ACOX2|8309
601,0.4417381814661802,NCRNA00162|378825
363,0.44138813473967403,FOXP1|27086
446,0.44137804054947494,INPP5J|27124
716,0.44129905706233485,PTTG1|9232
691,0.44123527119874406,PRC1|9055
343,0.4412343614534151,FANCE|2178
777,0.4400417269042868,SCCPDH|51097
653,0.4398663492638449,PDCD5|9141
185,0.439818148912765,CDKN2A|1029
629,0.4396150759757909,NUF2|83540
703,0.439011930177913,PRTFDC1|56952
408,0.43900625008226163,GRM6|2916
966,0.4386648526458945,VPS39|23339
447,0.4386443633843648,IRS1|3667
607,0.4385361002101269,NEK5|341676
64,0.43842829972203073,BBOX1|8424
118,0.43789801140514006,C5orf30|90355
896,0.4374194455701216,TIGD6|81789
129,0.43734696080077634,C9orf100|84904
220,0.43717424095296065,CNGB1|1258
384,0.4371480807914467,GINS1|9837
839,0.4371371859522959,SNRPA1|6627
111,0.4369280110650652,C22orf23|84645
241,0.43682408499287684,CXCL1|2919
760,0.43673887895060864,RNASEH1|246243
368,0.43671525765500346,FUT8|2530
577,0.43667541950747946,MRPL15|29088
550,0.43659055629538196,MATN4|8785
866,0.43657185957870015,SUSD3|203328
809,0.4363907881597747,SKA3|221150
122,0.43631919876336106,C6orf15|29113
540,0.43622911072069076,MAGOH|4116
875,0.436126241086402,SYTL5|94122
226,0.43609706960696004,COQ7|10229
234,0.4359040029724228,CRY2|1408
4,0.43580623354287534,ABCC11|85320
33,0.43545239133127767,ANKRD42|338699
294,0.43539774898000233,ECE2|9718
797,0.4348166603198047,SERPINB5|5268
546,0.4347853749995233,MAP3K12|7786
278,0.4347136386333045,DNER|92737
525,0.434696279534108,LPIN1|23175
131,0.4346539373474146,C9orf152|401546
287,0.4346375593325208,DUSP7|1849
685,0.43445202745963,POLR3G|10622
647,0.43436910783614074,PAPL|390928
350,0.43345348659383326,FEN1|2237
291,0.4334411571029983,E2F2|1870
441,0.43277799043511284,ILF2|3608
348,0.4327503604374166,FBXL5|26234
476,0.43273292033454147,KIF14|9928
355,0.4327267788159603,FLJ36031|168455
36,0.43240140458441867,ANLN|54443
655,0.432273891617708,PDE9A|5152
430,0.43201606129575126,IFFO2|126917
729,0.43198878949633357,RALGAPA1|253959
499,0.4318370796551599,KRT83|3889
604,0.43182159065580455,NEIL3|55247
450,0.4315521649566597,ITPR1|3708
32,0.4314418556526816,ANKRD30B|374860
961,0.4304189790974054,UQCRH|7388
582,0.43015325547073396,MSLN|10232
780,0.43014846622517866,SCN4B|6330
290,0.42952348346240954,E2F1|1869
386,0.4292809202258661,GINS4|84296
656,0.4280271607180617,PDGFD|80310
425,0.427871392575233,HPDL|84842
267,0.42758840197081144,DLX6AS|285987
217,0.42696463464998285,CMTM7|112616
305,0.42670017229252827,EPHB1|2047
921,0.4264685234619372,TRIM29|23650
364,0.42632840349023937,FRY|10129
86,0.42617509362558376,C11orf75|56935
158,0.4259695680980988,CCDC82|79780
791,0.42588199910912494,SEMA3F|6405
832,0.4257708272268719,SLC7A13|157724
480,0.42565232928266805,KIF18B|146909
735,0.4255303023222269,RARRES1|5918
85,0.4250410697692217,C10orf90|118611
761,0.42494196632818176,RND1|27289
890,0.42472576326038136,TEX10|54881
907,0.4245127378494735,TMEM206|55248
740,0.42443925082964046,RCOR2|283248
698,0.4243963906878305,PRNP|5621
282,0.42431307910723987,DSC2|1824
684,0.42383333915875715,POLR2D|5433
569,0.42371121758158753,MKL2|57496
768,0.42347046534022414,RPIA|22934
83,0.4234033088387284,C10orf26|54838
448,0.42339938976304714,IRX1|79192
160,0.42326978267691323,CCDC99|54908
97,0.42318432423749014,C16orf45|89927
42,0.42279674447841487,APPL2|55198
953,0.42261849270929264,UBXN2A|165324
700,0.42255333350426194,PRRT3|285368
478,0.42200759570084,KIF16B|55614
311,0.4214809382459586,EVL|51466
852,0.4214723422374966,SPG11|80208
947,0.4209285398820845,UBASH3B|84959
750,0.42091823811512624,RGS20|8601
494,0.42081590415670644,KLK8|11202
433,0.42081186093298467,IGBP1|3476
711,0.4205527136256442,PTDSS1|9791
288,0.4204901341994581,DUSP9|1852
90,0.41968785216577714,C12orf48|55010
322,0.4190988494853102,FAM134B|54463
560,0.41904871119906373,MEIS3P1|4213
592,0.4189971506002401,NBEA|26960
319,0.4188966686090454,FAM114A2|10827
512,0.41868694135384044,LMOD1|25802
758,0.41856753829234417,RMND5B|64777
34,0.4183583397592284,ANKRD45|339416
573,0.4183189625518093,MOBKL2B|79817
786,0.41822305412209887,SEC14L4|284904
977,0.4179391037434482,XPC|7508
558,0.41785417972447425,MDGA2|161357
376,0.4177154613558946,GARS|2617
415,0.4174509549670204,H2AFZ|3015
23,0.41725347387601014,AKR1E2|83592
35,0.4168024195522268,ANKS6|203286
888,0.41669193348822525,TCTN1|79600
694,0.4166006563135196,PRICKLE2|166336
857,0.41652751461155607,ST3GAL6|10402
615,0.41628710667180346,NOTCH1|4851
624,0.4158686051723844,NUBPL|80224
442,0.41581767792252233,IMPA2|3613
419,0.4153177165980428,HEXIM1|10614
167,0.41513194380892926,CCNG2|901
636,0.415111816405299,OIP5|11339
911,0.4146961510654091,TMEM74|157753
826,0.4146796359027083,SLC46A1|113235
870,0.41445567786664367,SYNM|23336
229,0.41407682702833953,CPLX1|10815
944,0.4140008173631896,TUBA3E|112714
763,0.41391444209264605,RNF145|153830
293,0.41380087432531787,EAPP|55837
115,0.4132908050052918,C3orf26|84319
895,0.4131635736701325,TIGD2|166815
642,0.4129357301188445,OSR1|130497
265,0.41292878666985444,DIAPH3|81624
112,0.41288671115592784,C2orf40|84417
774,0.41288098860757194,S100B|6285
263,0.41287194020954476,DEPDC1B|55789
650,0.41227573625292374,PCDH8|5100
6,0.41212715943762684,ABCG1|9619
503,0.41181712143660487,LBR|3930
434,0.4115826713907333,IGF1R|3480
484,0.41137847227647656,KIF4A|24137
963,0.41117817732624956,UTP11L|51118
663,0.4108308743097302,PGLYRP2|114770
827,0.41078585342355833,SLC4A8|9498
776,0.4107610380948869,SBSN|374897
853,0.41072534467966937,SPRY2|10253
912,0.4105253383653317,TMPRSS6|164656
898,0.4103920037429926,TINAGL1|64129
314,0.41029379484317413,EZH2|2146
481,0.4098368056846534,KIF20A|10112
482,0.4095031012564715,KIF23|9493
521,0.4090642852255999,LOC728264|728264
426,0.40825901072857657,HRCT1|646962
725,0.40825900624145933,RAD54B|25788
491,0.4079774194528113,KLHL29|114818
81,0.40751272924818527,BYSL|705
850,0.4072872762120254,SPEF1|25876
52,0.40707134376702675,ATL2|64225
165,0.40662986753068636,CCNDBP1|23582
830,0.406521902875919,SLC6A15|55117
390,0.40645352158741715,GLT25D1|79709
114,0.4062442852146137,C2orf71|388939
798,0.4061491151588029,SF3A3|10946
252,0.4060750319786617,CYP39A1|51302
897,0.4060057500913141,TIMM8A|1678
787,0.4059511237822433,SEC16A|9919
620,0.4058206707209675,NRG2|9542
175,0.40565385520967134,CDC45|8318
930,0.405540246402938,TSLP|85480
616,0.40499750717135685,NOVA1|4857
885,0.40493129138901796,TCEAL7|56849
946,0.4047948687566992,TYMS|7298
829,0.40479114028961727,SLC6A14|11254
596,0.4046296090967156,NCAPG2|54892
211,0.4044448984559052,CKS2|1164
128,0.4044425225929452,C8orf76|84933
371,0.40441774513829293,GABRA5|2558
991,0.4042497050993039,ZNF280A|129025
299,0.40392066081539346,EME1|146956
316,0.4038884294988568,FAAH|2166
306,0.4036667692866019,EPHB6|2051
235,0.40349123001495757,CSDA|8531
929,0.403383639692342,TSC22D3|1831
622,0.40326715967904797,NRTN|4902
303,0.40323311443199306,ENY2|56943
742,0.40309813994121046,REEP1|65055
177,0.4026836587670966,CDC7|8317
388,0.4025273018427725,GLI3|2737
625,0.40230081107016247,NUDCD1|84955
922,0.4022813812336452,TRIM2|23321
612,0.4019271852310713,NOP2|4839
985,0.40190516231909645,ZBTB7A|51341
190,0.40168053221450006,CENPF|1063
186,0.40167421304517237,CDKN3|1033
899,0.4016363345458807,TLE3|7090
143,0.401511689763853,CALCOCO1|57658
154,0.4012055070060813,CCDC30|728621
153,0.40119164098070786,CCDC150|284992
932,0.40103051656447924,TSPAN15|23555
785,0.4005524785584321,SDPR|8436
223,0.40053849032617744,COG2|22796
982,0.40051356703972896,ZBTB16|7704
918,0.4004889869242708,TPSG1|25823
781,0.4003893823893421,SCN7A|6332
645,0.4003388569204783,PAMR1|25891
471,0.40027915651219254,KIAA1467|57613
508,0.39980554047156847,LEPREL1|55214
100,0.399724405686613,C16orf71|146562
63,0.39967566359425394,BAIAP2L2|80115
937,0.3995744128089185,TTC7A|57217
660,0.399374555421247,PFKP|5214
837,0.3991697580077228,SMOC1|64093
385,0.39887425692926504,GINS3|64785
819,0.3987943171073878,SLC25A19|60386
683,0.39856660481457895,POLR1E|64425
675,0.3984922355248923,PLK4|10733
428,0.39841130252314627,HSD17B4|3295
796,0.3983315541248286,SERPINA5|5104
232,0.39820307417925127,CRIP1|1396
527,0.3981012699529097,LRBA|987
542,0.39800431297950356,MAMDC2|256691
460,0.39736977136891233,KCNQ4|9132
227,0.3971585267519849,CPA4|51200
474,0.396978634021097,KIF11|3832
782,0.3967599216663288,SCNN1A|6337
389,0.3967396646547544,GLIPR1L2|144321
652,0.39598562445005736,PCSK4|54760
869,0.3959533005846128,SYNJ2BP|55333
545,0.39566062873494384,MAP2|4133
879,0.39560657902860874,TAPT1|202018
541,0.39545374662342975,MAG|4099
571,0.3947817608462554,MND1|84057
842,0.3945762791427204,SOSTDC1|25928
7,0.3940726885913763,ABCG2|9429
205,0.3938945320012437,CHRNA5|1138
423,0.39386698198412873,HMGA1|3159
485,0.3937368236444753,KIF4B|285643
176,0.39352934583016336,CDC6|990
233,0.39324585155222813,CROT|54677
593,0.39304342761532307,NBR1|4077
472,0.39281767755952673,KIAA1524|57650
983,0.3926800943410339,ZBTB42|100128927
927,0.39256421220971677,TROAP|10024
515,0.39243560579206627,LOC100128977|100128977
646,0.391621512058907,PAPD7|11044
956,0.3914828214192686,ULBP1|80329
344,0.39143939229946506,FAT2|2196
968,0.3912251750663725,WDR65|149465
775,0.3912038203377589,SALL2|6297
170,0.39108565854389793,CCT6A|908
248,0.39081621076715917,CYB5R1|51706
324,0.3907416145265826,FAM150B|285016
76,0.3903954872404358,BPI|671
908,0.3900665674567263,TMEM25|84866
432,0.3898070385810218,IFT140|9742
286,0.3897381827256577,DSN1|79980
51,0.3897091717474272,ATAD2|29028
877,0.3893792093323247,TAF11|6882
201,0.38937103993088645,CHEK2|11200
218,0.3890048870101172,CMYA5|202333
549,0.3886451990122724,MASTL|84930
347,0.38838538448354876,FBXL17|64839
274,0.38820761814165555,DNAJC2|27000
651,0.3879046796997788,PCNA|5111
928,0.38785381073599634,TRPM8|79054
280,0.3875623456456847,DNMT3B|1789
536,0.38736530362267285,MAB21L1|4081
664,0.38662484519621443,PGLYRP4|57115
789,0.3864225104942265,SEMA3B|7869
92,0.38591017263394,C13orf27|93081
988,0.3855856013120765,ZIC4|84107
413,0.38501398266248404,GTPBP8|29083
377,0.3849696541997646,GART|2618
841,0.3842906216699133,SNX32|254122
893,0.38399909013630595,TGM1|7051
583,0.38368542456790916,MTERFD1|51001
517,0.3835181123168896,LOC100190939|100190939
555,0.382806703889288,MCM4|4173
145,0.38266924561533877,CAPN11|11131
532,0.38249617305751105,LRRC50|123872
196,0.38237502330597095,CGRRF1|10668
256,0.3821315645058965,DALRD3|55152
449,0.38207658134017464,ISL2|64843
429,0.38206383318849496,HSPA14|51182
140,0.38194823619927937,CA9|768
187,0.38187672834133035,CEBPB|1051
156,0.381054914691398,CCDC74B|91409
19,0.3808428498788184,ADD1|118
443,0.380473164116988,INA|9118
405,0.3803943863415555,GPRASP1|9737
373,0.3803557421031041,GALNT10|55568
230,0.38017007686941057,CPSF3|51692
214,0.3801247166239526,CLDN19|149461
221,0.37990528560987535,CNN1|1264
708,0.37964604933436275,PSME4|23198
587,0.379372699110839,MYO10|4651
811,0.3793163409810596,SKP2|6502
50,0.3792781281833646,ASTN2|23245
391,0.37915176391028343,GMPR2|51292
102,0.3791349435461814,C19orf51|352909
358,0.37888484905279646,FMO6P|388714
995,0.37835441159776295,ZNF467|168544
662,0.3782562484324578,PGGT1B|5229
453,0.377964330680648,KARS|3735
834,0.3776294086019377,SLC7A5|8140
856,0.3763066004655956,SSH3|54961
275,0.37619918686655257,DNAJC9|23234
493,0.3760180177899709,KLK7|5650
696,0.37583064248555775,PRKAB1|5564
957,0.3757650585804674,ULBP2|80328
139,0.3755180543620978,CA6|765
610,0.37539244230642166,NME5|8382
840,0.3753805917185939,SNRPG|6637
197,0.37525482433131374,CHAC2|494143
87,0.3751205992882359,C11orf82|220042
803,0.37483652440535,SGOL2|151246
257,0.37458132883224987,DAZAP2|9802
606,0.3741153687517068,NEK11|79858
641,0.37392882988548626,OSCP1|127700
707,0.37389372133795334,PSMD14|10213
325,0.3737473441865518,FAM161B|145483
925,0.3735541718359001,TRIML2|205860
209,0.37321787105940996,CIRH1A|84916
409,0.37279959431021825,GRPR|2925
732,0.3725871174331297,RAN|5901
771,0.37229317672289197,RSU1|6251
949,0.3718196429044938,UBE2E3|10477
285,0.3714662725992688,DSG1|1828
910,0.37099890292473064,TMEM62|80021
594,0.37094582261878495,NCAM2|4685
654,0.37077845261532116,PDE7A|5150
960,0.3707385347239961,UQCRHL|440567
463,0.3705777140595823,KCTD6|200845
632,0.3703773481204927,NXN|64359
452,0.3698914728081129,JKAMP|51528
906,0.36974485428279374,TMEM171|134285
142,0.36946314489203336,CACYBP|27101
513,0.36945840756753995,LMX1B|4010
283,0.36917130314071384,DSC3|1825
665,0.36884842139365925,PGM5|5239
199,0.3686284344693496,CHAF1B|8208
106,0.3684190809063365,C1orf112|55732
219,0.3682098115573117,CNGA1|1259
259,0.3681440370036728,DCAF13|25879
249,0.3673248212190563,CYBRD1|79901
237,0.3672104721691713,CSTB|1476
959,0.3665896912537458,UPF0639|400224
962,0.36632519748911035,USP30|84749
213,0.365618586017492,CLDN11|5010
578,0.3654434719211258,MRPL37|51253
633,0.3651473905071505,NXPH3|11248
715,0.3646981134386324,PTPRZ1|5803
822,0.36450582291984174,SLC39A9|55334
25,0.36415831488593137,ALAD|210
357,0.3638749373424344,FMO5|2330
823,0.363830607858813,SLC40A1|30061
871,0.3638084163541595,SYT17|51760
580,0.36366466759643107,MSH6|2956
943,0.3636439427506745,TUBA3D|113457
24,0.3629309554801663,AKR7A3|22977
854,0.36278481867610457,SRD5A1|6715
621,0.36256567619174823,NRIP2|83714
16,0.3616374856489161,ACVR1B|91
396,0.3604012531495204,GPIHBP1|338328
247,0.36022550660248726,CYB5D2|124936
659,0.3601547487329816,PEX11A|8800
473,0.3595515597145244,KIAA1609|57707
438,0.3592339196771485,IGFBP4|3487
828,0.3591481485867295,SLC6A11|6538
574,0.35886082578419704,MPHOSPH6|10200
279,0.35871169897602767,DNMBP|23268
490,0.35835901011801147,KLHDC9|126823
836,0.35806243534368454,SMG5|23381
352,0.3577079310307742,FGD3|89846
489,0.35675975607527316,KLHDC7A|127707
297,0.3560264574415538,EIF2C2|27161
38,0.35576152415196677,ANXA8L2|244
739,0.35472828964959224,RBM38|55544
753,0.3543712019571722,RHEB|6009
970,0.3541190357168766,WDR77|79084
359,0.3541141606779418,FNIP1|96459
231,0.35391910242492747,CRHR1|1394
82,0.35340308783472235,C10orf116|10974
72,0.3527172170095449,BECN1|8678
105,0.35245628678108315,C1orf106|55765
152,0.35162588826011815,CCDC129|223075
304,0.35123015581389305,EPB41L4A|64097
746,0.3511666381205482,RFC2|5982
462,0.3509107969788911,KCTD3|51133
579,0.3503873236723585,MRPL47|57129
627,0.3502503341164779,NUDT16|131870
61,0.3496494044961734,B3GNT4|79369
848,0.3493268329548551,SPATA20|64847
89,0.34800572507069444,C12orf11|55726
29,0.3466886121842802,ANKMY1|51281
935,0.34663296042478287,TTC28|23331
817,0.3465650467223006,SLC24A1|9187
295,0.34641448700131866,EDA2R|60401
55,0.34494623653524326,ATP5C1|509
270,0.34468190315259006,DMRTA2|63950
973,0.3444090592932647,WNK4|65266
53,0.3438340293204603,ATOH7|220202
121,0.3436669846400203,C6orf153|88745
769,0.34326346192143825,RPP40|10799
681,0.34312126384197855,PNPLA7|375775
690,0.3427702417335208,PPYR1|5540
470,0.34159912288191935,KIAA1407|57577
717,0.34130488442222917,PTTG3P|26255
329,0.3409938618179208,FAM179B|23116
120,0.3408934422898635,C5orf53|492311
421,0.34069753851498247,HIST1H2AH|85235
354,0.340182702764631,FLAD1|80308
77,0.3389996484987256,BRIX1|55299
920,0.3382763937331412,TRIM15|89870
880,0.3381718946452277,TBC1D7|51256
14,0.3380226406159052,ACTL6A|86
914,0.3377531709973053,TOX4|9878
9,0.3374221058008765,ABTB2|25841
73,0.33603674447137155,BHLHE40|8553
15,0.3353055164956928,ACTR3B|57180
366,0.33504149022685153,FSD1|79187
838,0.334318289355329,SNED1|25992
951,0.3337454032080498,UBE2V2|7336
225,0.3318930906264429,COL22A1|169044
54,0.3314404233934849,ATP1B3|483
934,0.33125237119125733,TTC18|118491
168,0.3305015126049632,CCT4|10575
704,0.3296227904155654,PSAPL1|768239
864,0.32898548725664356,SUGT1L1|283507
741,0.3282044108834745,RDH10|157506
813,0.3273700135871413,SLC16A1|6566
49,0.32622755210303955,ASNS|440
818,0.3259549122064852,SLC25A13|10165
790,0.32288581582728865,SEMA3C|10512
679,0.3190752005670069,PNO1|56902
576,0.31430160831950976,MPP7|143098
989,0.31244059701627075,ZMAT1|84460
298,0.3109471739550386,EIF2S2|8894
613,0.3096966990116686,NOP58|51602
986,0.30919177140150955,ZER1|10444
712,0.30657228363363626,PTGR2|145482
382,0.30324658685588546,GGH|8836
788,0.3020428067289773,SEH1L|81929
924,0.2894170731009084,TRIM43|129868
109,0.2688897184879523,C20orf114|92747
