rank,feature_index,target_label,target_subtype,target_n,other_n,target_mean,other_mean,target_minus_others,specificity_z,p_value,fdr,feature_name,gene_symbol,entrez_id
1,574,2,HER2-enriched,46,829,0.5471683264409224,0.4570112012188673,0.0901571252220551,1.8908715277091916,,,MPHOSPH6|10200,MPHOSPH6,10200
2,449,2,HER2-enriched,46,829,0.1666918747184877,0.05022514521756093,0.11646672950092676,1.574174830552719,,,ISL2|64843,ISL2,64843
3,844,2,HER2-enriched,46,829,0.5006558016683522,0.2982116710970932,0.20244413057125904,1.509742578438238,,,SOX11|6664,SOX11,6664
4,11,2,HER2-enriched,46,829,0.29113685755361796,0.15687207954608007,0.1342647780075379,1.0697812017266093,,,ACE2|59272,ACE2,59272
5,558,2,HER2-enriched,46,829,0.13109730385862603,0.04954453606459707,0.08155276779402895,1.0181595906771943,,,MDGA2|161357,MDGA2,161357
6,854,2,HER2-enriched,46,829,0.5013928585731819,0.43734861632401273,0.06404424224916921,1.0129576963250946,,,SRD5A1|6715,SRD5A1,6715
7,149,2,HER2-enriched,46,829,0.5041730725699444,0.40489591991564106,0.09927715265430331,1.00672338532511,,,CBX2|84733,CBX2,84733
8,280,2,HER2-enriched,46,829,0.42410724499138913,0.362267537668107,0.061839707323282145,0.9965848375204405,,,DNMT3B|1789,DNMT3B,1789
9,98,2,HER2-enriched,46,829,0.5503308150574777,0.517724745890551,0.032606069166926765,0.9633772058611596,,,C16orf57|79650,C16ORF57,79650
10,957,2,HER2-enriched,46,829,0.2739252239317972,0.19546238366849128,0.07846284026330591,0.9581806595959601,,,ULBP2|80328,ULBP2,80328
11,707,2,HER2-enriched,46,829,0.5876408760480323,0.5604231327546995,0.02721774329333282,0.9360237273073045,,,PSMD14|10213,PSMD14,10213
12,192,2,HER2-enriched,46,829,0.4800455207622684,0.4312253370944283,0.048820183667840134,0.9352031410409608,,,CENPN|55839,CENPN,55839
13,818,2,HER2-enriched,46,829,0.5215284947310306,0.49102108180888615,0.030507412922144428,0.9317044657174282,,,SLC25A13|10165,SLC25A13,10165
14,705,2,HER2-enriched,46,829,0.46970003408356176,0.3611091279627322,0.10859090612082956,0.916527829225049,,,PSAT1|29968,PSAT1,29968
15,105,2,HER2-enriched,46,829,0.502048575812591,0.3822236144084304,0.1198249614041606,0.90438079743961,,,C1orf106|55765,C1ORF106,55765
16,281,2,HER2-enriched,46,829,0.4708795402048166,0.42877249358731634,0.042107046617500254,0.8821374170281265,,,DONSON|29980,DONSON,29980
17,376,2,HER2-enriched,46,829,0.6319554773066204,0.6032375262335851,0.02871795107303532,0.8691237636023834,,,GARS|2617,GARS,2617
18,708,2,HER2-enriched,46,829,0.6431030197117054,0.6115798127201726,0.03152320699153277,0.8643051130455925,,,PSME4|23198,PSME4,23198
19,254,2,HER2-enriched,46,829,0.4709466865927765,0.32860443524508115,0.14234225134769535,0.854221035379679,,,CYP4Z2P|163720,CYP4Z2P,163720
20,684,2,HER2-enriched,46,829,0.513853356566121,0.4937947815362157,0.020058575029905268,0.8456870612305015,,,POLR2D|5433,POLR2D,5433
21,176,2,HER2-enriched,46,829,0.5043755071424337,0.428270262638029,0.07610524450440476,0.8389471617571628,,,CDC6|990,CDC6,990
22,258,2,HER2-enriched,46,829,0.4656988064093562,0.4273706164797536,0.038328189929602574,0.8338052905786844,,,DBF4|10926,DBF4,10926
23,945,2,HER2-enriched,46,829,0.7987283680981123,0.7710789121143816,0.027649455983730697,0.8265254735928081,,,TUBB|203068,TUBB,203068
24,4,2,HER2-enriched,46,829,0.5520876407906705,0.40013516996919934,0.15195247082147118,0.8191116220236154,,,ABCC11|85320,ABCC11,85320
25,99,2,HER2-enriched,46,829,0.4755566869722563,0.4440025361226,0.03155415084965629,0.8187818431156486,,,C16orf61|56942,C16ORF61,56942
26,86,2,HER2-enriched,46,829,0.46516421980989575,0.4189528114352976,0.04621140837459814,0.8139093973869703,,,C11orf75|56935,C11ORF75,56935
27,392,2,HER2-enriched,46,829,0.5938732663110583,0.5650246108068535,0.02884865550420479,0.8132482773177443,,,GMPS|8833,GMPS,8833
28,166,2,HER2-enriched,46,829,0.39439449842074625,0.320345025967161,0.07404947245358523,0.8045246527905201,,,CCNE1|898,CCNE1,898
29,812,2,HER2-enriched,46,829,0.2134477237383658,0.1143443152986033,0.0991034084397625,0.7954168790519106,,,SLC15A1|6564,SLC15A1,6564
30,806,2,HER2-enriched,46,829,0.4428651533094369,0.3744968551598267,0.06836829814961015,0.7914861487851945,,,SHCBP1|79801,SHCBP1,79801
31,529,2,HER2-enriched,46,829,0.41691030570503157,0.35787674697976074,0.05903355872527083,0.7910252763319483,,,LRP8|7804,LRP8,7804
32,298,2,HER2-enriched,46,829,0.6064403879852811,0.5851723296181254,0.02126805836715573,0.7865830175179099,,,EIF2S2|8894,EIF2S2,8894
33,640,2,HER2-enriched,46,829,0.406189666374265,0.3372467695961375,0.06894289677812754,0.7855738044206417,,,ORC6L|23594,ORC6L,23594
34,746,2,HER2-enriched,46,829,0.5377531141726,0.5101578430450292,0.027595271127570764,0.7795023497894648,,,RFC2|5982,RFC2,5982
35,174,2,HER2-enriched,46,829,0.5799652111104985,0.5377186976343438,0.04224651347615471,0.7751402613372752,,,CDC25B|994,CDC25B,994
36,840,2,HER2-enriched,46,829,0.5421722112197395,0.5146703048948557,0.027501906324883807,0.7717722308223537,,,SNRPG|6637,SNRPG,6637
37,59,2,HER2-enriched,46,829,0.4973945405253958,0.43099487114066526,0.06639966938473052,0.7695126181119909,,,AURKA|6790,AURKA,6790
38,769,2,HER2-enriched,46,829,0.41289115196819137,0.3825160411831798,0.030375110785011594,0.7643529780279916,,,RPP40|10799,RPP40,10799
39,334,2,HER2-enriched,46,829,0.3500379257636486,0.2845710713880993,0.06546685437554933,0.757272646211167,,,FAM54A|113115,FAM54A,113115
40,193,2,HER2-enriched,46,829,0.40640601706792623,0.3699819594122095,0.03642405765571671,0.7557071352321978,,,CENPO|79172,CENPO,79172
41,385,2,HER2-enriched,46,829,0.4290375342457915,0.40105161127408406,0.027985922971707433,0.7553833644683898,,,GINS3|64785,GINS3,64785
42,230,2,HER2-enriched,46,829,0.5515174215211468,0.533264165921116,0.01825325560003077,0.7550663717847539,,,CPSF3|51692,CPSF3,51692
43,623,2,HER2-enriched,46,829,0.5633702692367144,0.5222911200908483,0.04107914914586608,0.7531219475838788,,,NT5DC2|64943,NT5DC2,64943
44,562,2,HER2-enriched,46,829,0.49307439544474957,0.46855216524248955,0.02452223020226002,0.7506892985464944,,,MEMO1|51072,MEMO1,51072
45,913,2,HER2-enriched,46,829,0.2965263345390103,0.22156477387320234,0.07496156066580795,0.7488328401851543,,,TMSB15A|11013,TMSB15A,11013
46,556,2,HER2-enriched,46,829,0.5812561842053849,0.5514132547726045,0.02984292943278044,0.745319928543109,,,MCM6|4175,MCM6,4175
47,227,2,HER2-enriched,46,829,0.3511981686927328,0.2705796933182777,0.0806184753744551,0.7430985634195595,,,CPA4|51200,CPA4,51200
48,299,2,HER2-enriched,46,829,0.3678549933394988,0.30888075813781385,0.05897423520168493,0.7425191175712268,,,EME1|146956,EME1,146956
49,787,2,HER2-enriched,46,829,0.6882997902164114,0.6607830035697908,0.027516786646620606,0.7422669320393549,,,SEC16A|9919,SEC16A,9919
50,880,2,HER2-enriched,46,829,0.47610688341829116,0.4462227614659732,0.029884121952317988,0.7341366363492529,,,TBC1D7|51256,TBC1D7,51256
51,828,2,HER2-enriched,46,829,0.24134912310097179,0.1485328319366167,0.09281629116435508,0.7335626250640525,,,SLC6A11|6538,SLC6A11,6538
52,520,2,HER2-enriched,46,829,0.11021013133711173,0.057967317547254746,0.052242813789856984,0.7321493211109936,,,LOC285629|285629,LOC285629,285629
53,846,2,HER2-enriched,46,829,0.5302454946289373,0.4703256937632192,0.05991980086571813,0.7222665727719131,,,SPAG5|10615,SPAG5,10615
54,585,2,HER2-enriched,46,829,0.5482382801797318,0.459715131269213,0.08852314891051877,0.7121713614092822,,,MYBL2|4605,MYBL2,4605
55,587,2,HER2-enriched,46,829,0.5926156945727085,0.5518313461316209,0.04078434844108758,0.7110316022794536,,,MYO10|4651,MYO10,4651
56,220,2,HER2-enriched,46,829,0.09622283225263295,0.04983739961027093,0.04638543264236202,0.7103558218378173,,,CNGB1|1258,CNGB1,1258
57,611,2,HER2-enriched,46,829,0.537321814282012,0.520939947729045,0.016381866552967028,0.7093513402124969,,,NOL10|79954,NOL10,79954
58,706,2,HER2-enriched,46,829,0.6121729804397666,0.5916651653386037,0.02050781510116295,0.7059056308307364,,,PSMB2|5690,PSMB2,5690
59,658,2,HER2-enriched,46,829,0.3819956495373201,0.34971995475428796,0.03227569478303216,0.7046529539046282,,,PDSS1|23590,PDSS1,23590
60,942,2,HER2-enriched,46,829,0.6674965491424151,0.6325954863484603,0.034901062793954774,0.7028173751133074,,,TUBA1C|84790,TUBA1C,84790
61,639,2,HER2-enriched,46,829,0.3887030149042939,0.32805698678120015,0.06064602812309372,0.7009008903865154,,,ORC1L|4998,ORC1L,4998
62,121,2,HER2-enriched,46,829,0.5397177086353482,0.5195550242680034,0.020162684367344808,0.6942880564120946,,,C6orf153|88745,C6ORF153,88745
63,1,2,HER2-enriched,46,829,0.2866435453677004,0.17476183975202667,0.11188170561567376,0.6931652613421476,,,A2ML1|144568,A2ML1,144568
64,630,2,HER2-enriched,46,829,0.5506809997805004,0.528686986275062,0.021994013505438392,0.6909321565544099,,,NUP93|9688,NUP93,9688
65,170,2,HER2-enriched,46,829,0.6754576044024636,0.6558605009977698,0.019597103404693783,0.6861985061691981,,,CCT6A|908,CCT6A,908
66,552,2,HER2-enriched,46,829,0.4328733347549534,0.36198862728185077,0.0708847074731026,0.685791162916616,,,MCM10|55388,MCM10,55388
67,294,2,HER2-enriched,46,829,0.443850187509178,0.3999822123118023,0.043867975197375675,0.6816353424533065,,,ECE2|9718,ECE2,9718
68,186,2,HER2-enriched,46,829,0.41387719177257337,0.3537329601835997,0.060144231588973696,0.6791862203210063,,,CDKN3|1033,CDKN3,1033
69,301,2,HER2-enriched,46,829,0.7902414615071167,0.761736537076578,0.02850492443053876,0.6789468210385388,,,ENO1|2023,ENO1,2023
70,961,2,HER2-enriched,46,829,0.6033070399596159,0.5779112172879296,0.025395822671686274,0.6758788716227214,,,UQCRH|7388,UQCRH,7388
71,581,2,HER2-enriched,46,829,0.5224047759487115,0.5025562066193788,0.019848569329332655,0.6747825321906271,,,MSL3|10943,MSL3,10943
72,168,2,HER2-enriched,46,829,0.6695066023133348,0.6528458152552695,0.016660787058065285,0.6723025943581935,,,CCT4|10575,CCT4,10575
73,454,2,HER2-enriched,46,829,0.5788268102861653,0.5638937566293587,0.014933053656806639,0.6717247454519538,,,KCMF1|56888,KCMF1,56888
74,169,2,HER2-enriched,46,829,0.6891805761083074,0.6660451614010409,0.023135414707266544,0.6705465876178521,,,CCT5|22948,CCT5,22948
75,275,2,HER2-enriched,46,829,0.5459111852914159,0.5226848335114374,0.02322635177997856,0.6645909547087976,,,DNAJC9|23234,DNAJC9,23234
76,197,2,HER2-enriched,46,829,0.320510025453501,0.2881936025085429,0.03231642294495807,0.6574196250603732,,,CHAC2|494143,CHAC2,494143
77,997,2,HER2-enriched,46,829,0.31695327956026065,0.2524231626432753,0.06453011691698535,0.6538661511813872,,,ZNF695|57116,ZNF695,57116
78,164,2,HER2-enriched,46,829,0.4859434357326799,0.4197590767451496,0.06618435898753028,0.653230501056952,,,CCNB2|9133,CCNB2,9133
79,802,2,HER2-enriched,46,829,0.3527532779505,0.2865199599376648,0.06623331801283516,0.6510775165037829,,,SGOL1|151648,SGOL1,151648
80,36,2,HER2-enriched,46,829,0.5296323325427056,0.46104274877876683,0.06858958376393876,0.6509841756281567,,,ANLN|54443,ANLN,54443
81,495,2,HER2-enriched,46,829,0.637911564463544,0.5971245556285588,0.040787008834985206,0.650323238277408,,,KPNA2|3838,KPNA2,3838
82,682,2,HER2-enriched,46,829,0.3975478283221404,0.33902090904209475,0.058526919280045664,0.648849382004923,,,POLQ|10721,POLQ,10721
83,724,2,HER2-enriched,46,829,0.41543264055835116,0.3632797136779496,0.05215292688040157,0.6476285825846653,,,RAD51|5888,RAD51,5888
84,760,2,HER2-enriched,46,829,0.4578826159583599,0.4380486521518747,0.019833963806485166,0.6462461361129987,,,RNASEH1|246243,RNASEH1,246243
85,188,2,HER2-enriched,46,829,0.388196062325915,0.3229168691930018,0.06527919313291325,0.6456036832200365,,,CENPA|1058,CENPA,1058
86,173,2,HER2-enriched,46,829,0.39923442015026367,0.34758676292683555,0.05164765722342812,0.644375073297036,,,CDC25A|993,CDC25A,993
87,578,2,HER2-enriched,46,829,0.5937133321739512,0.5748220056401897,0.018891326533761466,0.6442759429012735,,,MRPL37|51253,MRPL37,51253
88,200,2,HER2-enriched,46,829,0.4371313406639238,0.4032664049377803,0.033864935726143464,0.6369735010328815,,,CHEK1|1111,CHEK1,1111
89,184,2,HER2-enriched,46,829,0.6455897280286528,0.6200959647642236,0.025493763264429203,0.6366484741662386,,,CDK2AP1|8099,CDK2AP1,8099
90,657,2,HER2-enriched,46,829,0.7027819999865443,0.6816401633118664,0.02114183667467795,0.6357884778727796,,,PDIA6|10130,PDIA6,10130
91,340,2,HER2-enriched,46,829,0.45985512899889885,0.39419145927033905,0.0656636697285598,0.6308434950132841,,,FAM83D|81610,FAM83D,81610
92,660,2,HER2-enriched,46,829,0.5684890478888035,0.5237718902207031,0.04471715766810036,0.6307474797580535,,,PFKP|5214,PFKP,5214
93,809,2,HER2-enriched,46,829,0.4152632402893675,0.35537660750174704,0.059886632787620464,0.6279018464517295,,,SKA3|221150,SKA3,221150
94,146,2,HER2-enriched,46,829,0.5172789855806771,0.4272255781188359,0.0900534074618412,0.6274995721548249,,,CAPN13|92291,CAPN13,92291
95,598,2,HER2-enriched,46,829,0.45341863143235156,0.39726203010629657,0.05615660132605499,0.6260439375152097,,,NCAPH|23397,NCAPH,23397
96,473,2,HER2-enriched,46,829,0.5024413399599149,0.4766749295875319,0.02576641037238303,0.625493108770245,,,KIAA1609|57707,KIAA1609,57707
97,175,2,HER2-enriched,46,829,0.4156147070296103,0.3458238391803621,0.0697908678492482,0.6250789847410306,,,CDC45|8318,CDC45,8318
98,860,2,HER2-enriched,46,829,0.4602309793158103,0.4166601011349806,0.04357087818082972,0.6199948596950735,,,STIL|6491,STIL,6491
99,604,2,HER2-enriched,46,829,0.32193535438451326,0.25689217111665247,0.0650431832678608,0.6188384610053573,,,NEIL3|55247,NEIL3,55247
100,96,2,HER2-enriched,46,829,0.4052562299130003,0.35694614337919345,0.04831008653380686,0.618599392363533,,,C15orf42|90381,C15ORF42,90381
101,61,2,HER2-enriched,46,829,0.18074806788359993,0.13076856839533557,0.049979499488264356,0.6184406552945663,,,B3GNT4|79369,B3GNT4,79369
102,183,2,HER2-enriched,46,829,0.5356884916544619,0.47998108783458643,0.055707403819875434,0.618084561537666,,,CDK1|983,CDK1,983
103,571,2,HER2-enriched,46,829,0.33149937657843387,0.2710515389724404,0.06044783760599348,0.6165972186673411,,,MND1|84057,MND1,84057
104,162,2,HER2-enriched,46,829,0.4863303111451876,0.4326836889244594,0.05364662222072819,0.6144230714069449,,,CCNA2|890,CCNA2,890
105,417,2,HER2-enriched,46,829,0.6249952208890598,0.6035883255636865,0.02140689532537332,0.6142486795579019,,,HDAC2|3066,HDAC2,3066
106,415,2,HER2-enriched,46,829,0.6603687046975284,0.6335264328548613,0.026842271842667076,0.612202084500626,,,H2AFZ|3015,H2AFZ,3015
107,590,2,HER2-enriched,46,829,0.6141248465039945,0.5939677941900745,0.020157052313919954,0.6115503591705004,,,NASP|4678,NASP,4678
108,960,2,HER2-enriched,46,829,0.495775473086603,0.4698973381774037,0.025878134909199324,0.6097863506284326,,,UQCRHL|440567,UQCRHL,440567
109,422,2,HER2-enriched,46,829,0.44645513706677514,0.38238979437546067,0.06406534269131448,0.6059081476295333,,,HJURP|55355,HJURP,55355
110,903,2,HER2-enriched,46,829,0.5528718666443709,0.46445748952689164,0.08841437711747929,0.605749149194627,,,TMC5|79838,TMC5,79838
111,55,2,HER2-enriched,46,829,0.6536504243051133,0.6353185055119458,0.018331918793167534,0.6052050956168544,,,ATP5C1|509,ATP5C1,509
112,763,2,HER2-enriched,46,829,0.5712859778749265,0.535799395602072,0.035486582272854506,0.6049654578693863,,,RNF145|153830,RNF145,153830
113,172,2,HER2-enriched,46,829,0.5149489672665307,0.4485288737614844,0.0664200935050463,0.6026131830838029,,,CDC20|991,CDC20,991
114,133,2,HER2-enriched,46,829,0.45036391473547566,0.4305196213599712,0.019844293375504474,0.6020264030951388,,,C9orf30|91283,C9ORF30,91283
115,483,2,HER2-enriched,46,829,0.48993514344376404,0.42590493313358757,0.06403021031017647,0.6009851371024949,,,KIF2C|11004,KIF2C,11004
116,384,2,HER2-enriched,46,829,0.46475700414847415,0.42021196066918337,0.04454504347929078,0.6009110829786978,,,GINS1|9837,GINS1,9837
117,312,2,HER2-enriched,46,829,0.43240213770878805,0.3659605836424359,0.06644155406635216,0.6002658965361973,,,EXO1|9156,EXO1,9156
118,939,2,HER2-enriched,46,829,0.44205416136904757,0.38314109886351444,0.05891306250553313,0.5980747516595238,,,TTK|7272,TTK,7272
119,867,2,HER2-enriched,46,829,0.43901498808123385,0.41331091695914723,0.025704071122086614,0.5961718106001201,,,SUV39H2|79723,SUV39H2,79723
120,709,2,HER2-enriched,46,829,0.4977470893734064,0.4739232940345069,0.0238237953388995,0.5949860147821555,,,PSMG1|8624,PSMG1,8624
121,597,2,HER2-enriched,46,829,0.4796983905951423,0.4246858757879042,0.05501251480723812,0.5935351496617448,,,NCAPG|64151,NCAPG,64151
122,958,2,HER2-enriched,46,829,0.24716421635327634,0.19367835749268186,0.05348585886059448,0.5908261064185305,,,ULBP3|79465,ULBP3,79465
123,636,2,HER2-enriched,46,829,0.3484868765579217,0.29922963106756245,0.04925724549035926,0.5897773676818535,,,OIP5|11339,OIP5,11339
124,140,2,HER2-enriched,46,829,0.24839630740068894,0.15029365753904428,0.09810264986164466,0.5880689206618412,,,CA9|768,CA9,768
125,180,2,HER2-enriched,46,829,0.49301877373056646,0.4400441413732977,0.052974632357268736,0.5865198009580141,,,CDCA5|113130,CDCA5,113130
126,635,2,HER2-enriched,46,829,0.5689383244626169,0.5384584021770293,0.030479922285587602,0.5862343345971445,,,ODC1|4953,ODC1,4953
127,956,2,HER2-enriched,46,829,0.24164239507507929,0.18517464052380053,0.056467754551278754,0.5831904846434726,,,ULBP1|80329,ULBP1,80329
128,195,2,HER2-enriched,46,829,0.47272674823864436,0.41290460207658186,0.059822146162062495,0.5830829262631028,,,CEP55|55165,CEP55,55165
129,80,2,HER2-enriched,46,829,0.4820172841573335,0.41995315311362164,0.06206413104371189,0.5826881275400853,,,BUB1|699,BUB1,699
130,834,2,HER2-enriched,46,829,0.5991409026241229,0.5431137183622113,0.056027184261911556,0.5823948225873435,,,SLC7A5|8140,SLC7A5,8140
131,194,2,HER2-enriched,46,829,0.4197142467419889,0.3799115476628836,0.039802699079105275,0.58086498058331,,,CENPW|387103,CENPW,387103
132,323,2,HER2-enriched,46,829,0.5432501025470253,0.5250021679917632,0.01824793455526208,0.5807042531496324,,,FAM136A|84908,FAM136A,84908
133,907,2,HER2-enriched,46,829,0.44853689986166956,0.42342852990150837,0.025108369960161192,0.5728430582516649,,,TMEM206|55248,TMEM206,55248
134,290,2,HER2-enriched,46,829,0.4767179350930254,0.42861875187424847,0.04809918321877693,0.5711595379789961,,,E2F1|1869,E2F1,1869
135,926,2,HER2-enriched,46,829,0.46762359436501355,0.4231168219539125,0.04450677241110107,0.5704792635086235,,,TRIP13|9319,TRIP13,9319
136,291,2,HER2-enriched,46,829,0.41152819087162873,0.3616929472342364,0.049835243637392335,0.5695507119574669,,,E2F2|1870,E2F2,1870
137,314,2,HER2-enriched,46,829,0.4859536432471197,0.44405392402207544,0.04189971922504426,0.5693009464021123,,,EZH2|2146,EZH2,2146
138,163,2,HER2-enriched,46,829,0.545188052321608,0.5043491132249315,0.040838939096676574,0.5680221428450155,,,CCNB1|891,CCNB1,891
139,950,2,HER2-enriched,46,829,0.4757826429891142,0.4240444818370466,0.051738161152067585,0.5644521529757555,,,UBE2T|29089,UBE2T,29089
140,350,2,HER2-enriched,46,829,0.5375532698592526,0.5090119932331933,0.02854127662605921,0.5626814001796265,,,FEN1|2237,FEN1,2237
141,264,2,HER2-enriched,46,829,0.4283253007652752,0.3712431277973297,0.05708217296794549,0.5619723020467255,,,DEPDC1|55635,DEPDC1,55635
142,90,2,HER2-enriched,46,829,0.3960435178080491,0.36410225326171414,0.031941264546334946,0.5614554213880176,,,C12orf48|55010,C12ORF48,55010
143,297,2,HER2-enriched,46,829,0.45132776899798566,0.42303392769757375,0.028293841300411904,0.5610506052597259,,,EIF2C2|27161,EIF2C2,27161
144,131,2,HER2-enriched,46,829,0.516295270788343,0.44321793086018735,0.07307733992815568,0.559921894683359,,,C9orf152|401546,C9ORF152,401546
145,910,2,HER2-enriched,46,829,0.5369046309702388,0.5143179074664608,0.022586723503777995,0.5586903613794758,,,TMEM62|80021,TMEM62,80021
146,674,2,HER2-enriched,46,829,0.49376464668964576,0.435277282703867,0.05848736398577875,0.5584168219983389,,,PLK1|5347,PLK1,5347
147,803,2,HER2-enriched,46,829,0.44446021449132717,0.4161188727326143,0.02834134175871289,0.5580104052004502,,,SGOL2|151246,SGOL2,151246
148,355,2,HER2-enriched,46,829,0.4773955870002647,0.4522364819725081,0.02515910502775659,0.5575738161463937,,,FLJ36031|168455,FLJ36031,168455
149,23,2,HER2-enriched,46,829,0.2864372566926422,0.23619544624488478,0.05024181044775741,0.5538434508174654,,,AKR1E2|83592,AKR1E2,83592
150,561,2,HER2-enriched,46,829,0.45654889665697634,0.39242579598603755,0.06412310067093879,0.553670174113626,,,MELK|9833,MELK,9833
151,414,2,HER2-enriched,46,829,0.42262680079878207,0.3707196095870575,0.051907191211724546,0.5507036206979867,,,GTSE1|51512,GTSE1,51512
152,537,2,HER2-enriched,46,829,0.4751420332692747,0.43750239827259135,0.037639634996683324,0.5486254489325414,,,MAD2L1|4085,MAD2L1,4085
153,484,2,HER2-enriched,46,829,0.4844679776826933,0.4184958589634861,0.06597211871920716,0.5465978729766354,,,KIF4A|24137,KIF4A,24137
154,932,2,HER2-enriched,46,829,0.6214329596717372,0.5914033463123144,0.03002961335942278,0.545867409384268,,,TSPAN15|23555,TSPAN15,23555
155,423,2,HER2-enriched,46,829,0.6095786334977074,0.5767380917550173,0.03284054174269002,0.5455835222940448,,,HMGA1|3159,HMGA1,3159
156,776,2,HER2-enriched,46,829,0.18424756529036687,0.1095594471196906,0.07468811817067628,0.5432768667410474,,,SBSN|374897,SBSN,374897
157,474,2,HER2-enriched,46,829,0.5195866072698215,0.4773160461818926,0.042270561087928926,0.542396048601054,,,KIF11|3832,KIF11,3832
158,56,2,HER2-enriched,46,829,0.38480760420080345,0.3484886846389052,0.036318919561898255,0.5418821090063946,,,ATP6V1C2|245973,ATP6V1C2,245973
159,886,2,HER2-enriched,46,829,0.5122715721109543,0.48534038348162933,0.026931188629324976,0.5417654114711608,,,TCF19|6941,TCF19,6941
160,453,2,HER2-enriched,46,829,0.6351297118801328,0.6197426990422849,0.015387012837847935,0.5406711862088149,,,KARS|3735,KARS,3735
161,237,2,HER2-enriched,46,829,0.6461251414366664,0.6202836050643329,0.02584153637233355,0.5402204158050918,,,CSTB|1476,CSTB,1476
162,479,2,HER2-enriched,46,829,0.39689230712149276,0.35097149387337534,0.04592081324811742,0.539601527963523,,,KIF18A|81930,KIF18A,81930
163,811,2,HER2-enriched,46,829,0.41886796664357917,0.39052521634403536,0.028342750299543806,0.5379199282059716,,,SKP2|6502,SKP2,6502
164,613,2,HER2-enriched,46,829,0.5882367540425395,0.5723864158979123,0.01585033814462722,0.5372500381333659,,,NOP58|51602,NOP58,51602
165,263,2,HER2-enriched,46,829,0.37001372264336607,0.31810419130977174,0.05190953133359433,0.5367587654507711,,,DEPDC1B|55789,DEPDC1B,55789
166,182,2,HER2-enriched,46,829,0.47175430056055706,0.42566897586877217,0.04608532469178489,0.5348661951528656,,,CDCA8|55143,CDCA8,55143
167,191,2,HER2-enriched,46,829,0.42788016362081727,0.4034705951088575,0.024409568511959745,0.5334870167826063,,,CENPL|91687,CENPL,91687
168,596,2,HER2-enriched,46,829,0.5180411079944257,0.49391648953429673,0.024124618460128977,0.5331408272054452,,,NCAPG2|54892,NCAPG2,54892
169,189,2,HER2-enriched,46,829,0.4579156653763003,0.41219095399683614,0.045724711379464156,0.5321144407340098,,,CENPE|1062,CENPE,1062
170,181,2,HER2-enriched,46,829,0.40202849165930904,0.3465077044230713,0.05552078723623771,0.5290505962682476,,,CDCA7|83879,CDCA7,83879
171,410,2,HER2-enriched,46,829,0.31766657528642883,0.2810363252187756,0.03663025006765325,0.5285704148642928,,,GSG2|83903,GSG2,83903
172,95,2,HER2-enriched,46,829,0.4687249748523373,0.44512749055620204,0.02359748429613523,0.5281616601804688,,,C15orf23|90417,C15ORF23,90417
173,481,2,HER2-enriched,46,829,0.4879132320836488,0.42829376041435946,0.059619471669289326,0.526305501549029,,,KIF20A|10112,KIF20A,10112
174,948,2,HER2-enriched,46,829,0.501884833896712,0.4365854222661163,0.06529941163059572,0.5245794446758656,,,UBE2C|11065,UBE2C,11065
175,472,2,HER2-enriched,46,829,0.41917184497323867,0.38187608860469296,0.03729575636854571,0.5240699798014387,,,KIAA1524|57650,KIAA1524,57650
176,398,2,HER2-enriched,46,829,0.5441652271118018,0.5325391056547552,0.011626121457046668,0.5218252884261152,,,GPN1|11321,GPN1,11321
177,722,2,HER2-enriched,46,829,0.5384237076158116,0.5085605699361609,0.029863137679650653,0.5194919679900901,,,RACGAP1|29127,RACGAP1,29127
178,979,2,HER2-enriched,46,829,0.6016903920007265,0.5861589399189294,0.01553145208179707,0.5174880873694859,,,YARS|8565,YARS,8565
179,919,2,HER2-enriched,46,829,0.563812774144524,0.5115727865722135,0.05223998757231052,0.5165730368031005,,,TPX2|22974,TPX2,22974
180,92,2,HER2-enriched,46,829,0.41291725792405914,0.3933218377273103,0.01959542019674887,0.5134218517718883,,,C13orf27|93081,C13ORF27,93081
181,199,2,HER2-enriched,46,829,0.4665853384895628,0.4395853788573851,0.026999959632177717,0.5132825623879222,,,CHAF1B|8208,CHAF1B,8208
182,731,2,HER2-enriched,46,829,0.5513781226861905,0.5329795415922627,0.01839858109392778,0.5126669256534736,,,RANBP1|5902,RANBP1,5902
183,732,2,HER2-enriched,46,829,0.6630099564317474,0.6474476268469801,0.015562329584767332,0.512291303275026,,,RAN|5901,RAN,5901
184,101,2,HER2-enriched,46,829,0.6359239993557795,0.5988252696440713,0.037098729711708134,0.5120237644805977,,,C17orf28|283987,C17ORF28,283987
185,477,2,HER2-enriched,46,829,0.4159042962785558,0.3685331783270671,0.047371117951488684,0.5081485738093654,,,KIF15|56992,KIF15,56992
186,476,2,HER2-enriched,46,829,0.40687787831628064,0.349143107868483,0.05773477044779762,0.5074143782246046,,,KIF14|9928,KIF14,9928
187,341,2,HER2-enriched,46,829,0.43328299440592216,0.3929052503799024,0.040377744026019735,0.5059801253267188,,,FANCA|2175,FANCA,2175
188,342,2,HER2-enriched,46,829,0.2676401376266804,0.23834504050479313,0.029295097121887242,0.505128678635043,,,FANCB|2187,FANCB,2187
189,927,2,HER2-enriched,46,829,0.4268193411071807,0.3691935331180181,0.057625807989162614,0.5022309226727477,,,TROAP|10024,TROAP,10024
190,807,2,HER2-enriched,46,829,0.5276616891716939,0.48068182577202573,0.04697986339966814,0.5022206035974217,,,SIDT1|54847,SIDT1,54847
191,761,2,HER2-enriched,46,829,0.4643671734706323,0.4174552654430426,0.046911908027589655,0.502028857896985,,,RND1|27289,RND1,27289
192,377,2,HER2-enriched,46,829,0.5873316061068717,0.5729716598817625,0.014359946225109277,0.5017990480739352,,,GART|2618,GART,2618
193,60,2,HER2-enriched,46,829,0.4128235886929542,0.35604491456616216,0.05677867412679205,0.501443631756613,,,AURKB|9212,AURKB,9212
194,74,2,HER2-enriched,46,829,0.4627831657318728,0.40208463210514217,0.06069853362673061,0.500510442896024,,,BIRC5|332,BIRC5,332
195,265,2,HER2-enriched,46,829,0.39974815216044385,0.35802814112134146,0.04172001103910239,0.5001750635620799,,,DIAPH3|81624,DIAPH3,81624
196,308,2,HER2-enriched,46,829,0.7030358274344294,0.6831332313535948,0.019902596080834556,0.4999856057455216,,,ERGIC1|57222,ERGIC1,57222
197,669,2,HER2-enriched,46,829,0.5876708151951512,0.5431874831450688,0.04448333205008237,0.49782962554848875,,,PHGDH|26227,PHGDH,26227
198,579,2,HER2-enriched,46,829,0.5278195740120148,0.5108403992582327,0.01697917475378219,0.49720174465900335,,,MRPL47|57129,MRPL47,57129
199,849,2,HER2-enriched,46,829,0.6504833269338288,0.5746638395031324,0.07581948743069644,0.493279400009187,,,SPDEF|25803,SPDEF,25803
200,317,2,HER2-enriched,46,829,0.3270130607279284,0.2284843404338218,0.09852872029410661,0.4919632568991603,,,FABP7|2173,FABP7,2173
201,557,2,HER2-enriched,46,829,0.6242637272653596,0.6032578001109232,0.021005927154436388,0.4902951747574795,,,MCM7|4176,MCM7,4176
202,883,2,HER2-enriched,46,829,0.1646218162100437,0.10930423335996581,0.0553175828500779,0.4889322412030279,,,TCAM1P|146771,TCAM1P,146771
203,286,2,HER2-enriched,46,829,0.5027359978466518,0.48331158670184277,0.01942441114480903,0.48795621072817197,,,DSN1|79980,DSN1,79980
204,686,2,HER2-enriched,46,829,0.4377501377937223,0.416063428724712,0.021686709069010268,0.4878152283213368,,,POP1|10940,POP1,10940
205,211,2,HER2-enriched,46,829,0.5077862092628642,0.47083490599695976,0.036951303265904456,0.4877397931931765,,,CKS2|1164,CKS2,1164
206,679,2,HER2-enriched,46,829,0.510207951192804,0.4984062765623788,0.011801674630425252,0.48516861797422434,,,PNO1|56902,PNO1,56902
207,716,2,HER2-enriched,46,829,0.4688819918730004,0.4230702418261417,0.04581175004685867,0.4850503473436351,,,PTTG1|9232,PTTG1,9232
208,400,2,HER2-enriched,46,829,0.17284411619373855,0.13229922686982284,0.0405448893239157,0.4838010936342226,,,GPR156|165829,GPR156,165829
209,808,2,HER2-enriched,46,829,0.380684810194226,0.3335051864538487,0.04717962374037732,0.48238766315036763,,,SKA1|220134,SKA1,220134
210,675,2,HER2-enriched,46,829,0.42162164232167476,0.3916181150646754,0.03000352725699934,0.4822013077780781,,,PLK4|10733,PLK4,10733
211,654,2,HER2-enriched,46,829,0.550929565816932,0.5270022991687877,0.023927266648144263,0.48172718363192263,,,PDE7A|5150,PDE7A,5150
212,980,2,HER2-enriched,46,829,0.701104546262087,0.681413331329518,0.01969121493256898,0.4793995886576031,,,YBX1|4904,YBX1,4904
213,580,2,HER2-enriched,46,829,0.5956371126943111,0.5809966651003489,0.014640447593962214,0.4768211263701614,,,MSH6|2956,MSH6,2956
214,895,2,HER2-enriched,46,829,0.42659265410090264,0.4075085625932583,0.01908409150764434,0.46836444032033114,,,TIGD2|166815,TIGD2,166815
215,75,2,HER2-enriched,46,829,0.4067158765332755,0.37343564529466305,0.03328023123861246,0.46543024006991496,,,BLM|641,BLM,641
216,362,2,HER2-enriched,46,829,0.5267884942579809,0.47751723814927327,0.04927125610870764,0.4646057358883134,,,FOXM1|2305,FOXM1,2305
217,337,2,HER2-enriched,46,829,0.2649075210488585,0.22289254678587847,0.04201497426298004,0.4637107067172437,,,FAM72A|729533,FAM72A,729533
218,602,2,HER2-enriched,46,829,0.43176982113251716,0.38472173104378804,0.04704809008872912,0.4632072894894008,,,NDC80|10403,NDC80,10403
219,485,2,HER2-enriched,46,829,0.1632843114653633,0.13424148179619724,0.029042829669166048,0.46057895766683365,,,KIF4B|285643,KIF4B,285643
220,142,2,HER2-enriched,46,829,0.5996300686472036,0.5842919724872389,0.015338096159964731,0.45801846134211655,,,CACYBP|27101,CACYBP,27101
221,553,2,HER2-enriched,46,829,0.5624839426524125,0.5344445910497728,0.028039351602639706,0.4566362947354272,,,MCM2|4171,MCM2,4171
222,272,2,HER2-enriched,46,829,0.5777491380010803,0.5621293166853056,0.015619821315774662,0.45659996821035853,,,DNAJB11|51726,DNAJB11,51726
223,339,2,HER2-enriched,46,829,0.3155210482996838,0.2766868524787362,0.038834195820947603,0.45563175778089715,,,FAM72D|728833,FAM72D,728833
224,486,2,HER2-enriched,46,829,0.49794625189746144,0.4537745349720683,0.04417171692539312,0.4548017225648091,,,KIFC1|3833,KIFC1,3833
225,925,2,HER2-enriched,46,829,0.06383741712290784,0.03669722318942053,0.027140193933487315,0.44901864147931025,,,TRIML2|205860,TRIML2,205860
226,897,2,HER2-enriched,46,829,0.39255538618483715,0.3784485885009521,0.014106797683885064,0.4489499450130437,,,TIMM8A|1678,TIMM8A,1678
227,43,2,HER2-enriched,46,829,0.46814112723018014,0.4356937864840403,0.03244734074613986,0.44882815699517387,,,ARHGAP11A|9824,ARHGAP11A,9824
228,863,2,HER2-enriched,46,829,0.6480082858752952,0.6213378395996763,0.026670446275618986,0.4478210358407924,,,STMN1|3925,STMN1,3925
229,292,2,HER2-enriched,46,829,0.5061116837155835,0.48564823324766876,0.0204634504679147,0.4477953277100101,,,E2F3|1871,E2F3,1871
230,210,2,HER2-enriched,46,829,0.5444139635165863,0.5238117430062933,0.020602220510293034,0.44641723987080983,,,CKS1B|1163,CKS1B,1163
231,338,2,HER2-enriched,46,829,0.3718711039142669,0.33520752877860616,0.036663575135660764,0.44625000534372494,,,FAM72B|653820,FAM72B,653820
232,747,2,HER2-enriched,46,829,0.4814486767027665,0.4610984685133921,0.020350208189374386,0.4456681177697902,,,RFC4|5984,RFC4,5984
233,900,2,HER2-enriched,46,829,0.057610011148885844,0.02396343654296636,0.03364657460591948,0.44566667865829107,,,TLX3|30012,TLX3,30012
234,651,2,HER2-enriched,46,829,0.6173070100800593,0.5975509174987418,0.019756092581317497,0.44428009731164236,,,PCNA|5111,PCNA,5111
235,819,2,HER2-enriched,46,829,0.4447506572160158,0.42546846355125834,0.019282193664757474,0.443177930317571,,,SLC25A19|60386,SLC25A19,60386
236,855,2,HER2-enriched,46,829,0.5789812241235606,0.5612960640051857,0.017685160118374843,0.4424392151758283,,,SRPK1|6732,SRPK1,6732
237,239,2,HER2-enriched,46,829,0.5176802512673142,0.4963157175538972,0.02136453371341701,0.43971978228239,,,CTPS|1503,CTPS,1503
238,644,2,HER2-enriched,46,829,0.4805299961120492,0.46568463867379656,0.01484535743825266,0.43734421237319565,,,PAK1IP1|55003,PAK1IP1,55003
239,555,2,HER2-enriched,46,829,0.597316784009819,0.570980938659363,0.026335845350456077,0.43246361477665013,,,MCM4|4173,MCM4,4173
240,792,2,HER2-enriched,46,829,0.5720257051032082,0.5595386542386478,0.012487050864560367,0.4316627525247251,,,SEPHS1|22929,SEPHS1,22929
241,205,2,HER2-enriched,46,829,0.31597970367403944,0.2774505020208179,0.038529201653221545,0.43138594251554374,,,CHRNA5|1138,CHRNA5,1138
242,160,2,HER2-enriched,46,829,0.4455189948245673,0.42956704124946476,0.01595195357510254,0.4307286515888332,,,CCDC99|54908,CCDC99,54908
243,963,2,HER2-enriched,46,829,0.5168176965348078,0.5062438810368041,0.010573815498003736,0.43029310045982544,,,UTP11L|51118,UTP11L,51118
244,937,2,HER2-enriched,46,829,0.5306197110081033,0.5143980430754603,0.016221667932643014,0.4300638300097356,,,TTC7A|57217,TTC7A,57217
245,107,2,HER2-enriched,46,829,0.3351491675010503,0.3047524205699704,0.03039674693107991,0.4296865131516183,,,C1orf135|79000,C1ORF135,79000
246,87,2,HER2-enriched,46,829,0.39461916935460706,0.36788174454053696,0.0267374248140701,0.42748548565074557,,,C11orf82|220042,C11ORF82,220042
247,723,2,HER2-enriched,46,829,0.4170997138608743,0.3857077557617968,0.03139195809907752,0.4270649945603105,,,RAD51AP1|10635,RAD51AP1,10635
248,382,2,HER2-enriched,46,829,0.4972314275936159,0.46532099445161595,0.03191043314199993,0.4261293446835313,,,GGH|8836,GGH,8836
249,401,2,HER2-enriched,46,829,0.5414950321823059,0.5104485570256425,0.031046475156663367,0.4242231040991535,,,GPR160|26996,GPR160,26996
250,954,2,HER2-enriched,46,829,0.49571528830146855,0.4773439997064643,0.018371288595004254,0.41901106960527407,,,UCK2|7371,UCK2,7371
251,756,2,HER2-enriched,46,829,0.5106250701868236,0.49310259424168834,0.01752247594513523,0.41861182329324836,,,RIPK2|8767,RIPK2,8767
252,429,2,HER2-enriched,46,829,0.5119790019614979,0.498669157859925,0.013309844101572932,0.41751492808488877,,,HSPA14|51182,HSPA14,51182
253,689,2,HER2-enriched,46,829,0.3471124582712677,0.28949846627820314,0.05761399199306455,0.41657747490947145,,,PPP1R14C|81706,PPP1R14C,81706
254,482,2,HER2-enriched,46,829,0.47998841208757836,0.44466239425092646,0.0353260178366519,0.41560263544139675,,,KIF23|9493,KIF23,9493
255,54,2,HER2-enriched,46,829,0.5988042050677006,0.5825971242680502,0.016207080799650386,0.4140048649993541,,,ATP1B3|483,ATP1B3,483
256,129,2,HER2-enriched,46,829,0.3886896434043717,0.3636728057479217,0.025016837656449964,0.4121203317363425,,,C9orf100|84904,C9ORF100,84904
257,179,2,HER2-enriched,46,829,0.4155476744923455,0.37743432965450285,0.03811334483784262,0.41181987779345375,,,CDCA3|83461,CDCA3,83461
258,878,2,HER2-enriched,46,829,0.38401471113355296,0.3708882049059169,0.013126506227636059,0.41028159003770104,,,TAF5|6877,TAF5,6877
259,455,2,HER2-enriched,46,829,0.27915486104479337,0.22587912885859712,0.053275732186196245,0.4070331512271732,,,KCNG1|3755,KCNG1,3755
260,629,2,HER2-enriched,46,829,0.43062116531260014,0.3844358567176087,0.046185308594991425,0.4067450665774671,,,NUF2|83540,NUF2,83540
261,877,2,HER2-enriched,46,829,0.5221599332446196,0.5108625923147678,0.011297340929851796,0.40620580086566127,,,TAF11|6882,TAF11,6882
262,839,2,HER2-enriched,46,829,0.4939143245066702,0.47763306227247765,0.016281262234192573,0.4055283024361845,,,SNRPA1|6627,SNRPA1,6627
263,691,2,HER2-enriched,46,829,0.5400703827779274,0.5090621000467278,0.0310082827311996,0.40492924780479345,,,PRC1|9055,PRC1,9055
264,177,2,HER2-enriched,46,829,0.42255422379194896,0.39615167587277655,0.026402547919172403,0.40362817150379604,,,CDC7|8317,CDC7,8317
265,128,2,HER2-enriched,46,829,0.49004014711645305,0.4748421072700288,0.01519803984642426,0.40344776331700666,,,C8orf76|84933,C8ORF76,84933
266,303,2,HER2-enriched,46,829,0.5287827389151807,0.5135810457044804,0.015201693210700307,0.39392389779509335,,,ENY2|56943,ENY2,56943
267,171,2,HER2-enriched,46,829,0.5671902732115457,0.5550587828275516,0.012131490383994081,0.3928397915229999,,,CDC123|8872,CDC123,8872
268,735,2,HER2-enriched,46,829,0.5131045320719401,0.46826925511016604,0.04483527696177403,0.3918874936784901,,,RARRES1|5918,RARRES1,5918
269,190,2,HER2-enriched,46,829,0.5848123077715175,0.5468453084645989,0.0379669993069186,0.39143213948243843,,,CENPF|1063,CENPF,1063
270,178,2,HER2-enriched,46,829,0.38064189124164327,0.34336032855961635,0.037281562682026925,0.3896459680919809,,,CDCA2|157313,CDCA2,157313
271,336,2,HER2-enriched,46,829,0.35926046732682,0.3196404987291973,0.03961996859762268,0.38917471416675314,,,FAM64A|54478,FAM64A,54478
272,609,2,HER2-enriched,46,829,0.5010752284542781,0.48925278760430946,0.01182244084996864,0.3864254663396871,,,NIP7|51388,NIP7,51388
273,370,2,HER2-enriched,46,829,0.15235059126814826,0.10412009558049634,0.04823049568765192,0.38535503431656276,,,GABBR2|9568,GABBR2,9568
274,49,2,HER2-enriched,46,829,0.5107303943713464,0.49112307594547605,0.019607318425870324,0.38534784027213886,,,ASNS|440,ASNS,440
275,741,2,HER2-enriched,46,829,0.524894578932146,0.49504674951951055,0.029847829412635418,0.3848606405497288,,,RDH10|157506,RDH10,157506
276,153,2,HER2-enriched,46,829,0.25321543565043947,0.22565421796177632,0.027561217688663153,0.3839983300395166,,,CCDC150|284992,CCDC150,284992
277,354,2,HER2-enriched,46,829,0.5636951922824448,0.5487282117677822,0.014966980514662609,0.37633744484352244,,,FLAD1|80308,FLAD1,80308
278,673,2,HER2-enriched,46,829,0.28692164701675443,0.25444118288221934,0.03248046413453509,0.3742943802239995,,,PIF1|80119,PIF1,80119
279,441,2,HER2-enriched,46,829,0.6767416714084206,0.6641118636431891,0.012629807765231482,0.37365967519710414,,,ILF2|3608,ILF2,3608
280,726,2,HER2-enriched,46,829,0.38233782169236874,0.3460482670682535,0.03628955462411526,0.3714782278813203,,,RAD54L|8438,RAD54L,8438
281,306,2,HER2-enriched,46,829,0.40030524203005874,0.36506302180383765,0.03524222022622109,0.3706906540239246,,,EPHB6|2051,EPHB6,2051
282,525,2,HER2-enriched,46,829,0.5364085375540274,0.5148462869507425,0.02156225060328487,0.3705045053992051,,,LPIN1|23175,LPIN1,23175
283,981,2,HER2-enriched,46,829,0.5529681237251416,0.5402331819601853,0.012734941764956265,0.36815421834607903,,,YEATS2|55689,YEATS2,55689
284,906,2,HER2-enriched,46,829,0.1454440328818524,0.11534160324781727,0.03010242963403513,0.36734692871556257,,,TMEM171|134285,TMEM171,134285
285,725,2,HER2-enriched,46,829,0.40189685604429676,0.37857754422564327,0.023319311818653488,0.3666770140521695,,,RAD54B|25788,RAD54B,25788
286,266,2,HER2-enriched,46,829,0.5889717183348532,0.5768700517951102,0.012101666539742983,0.36632228709336645,,,DKC1|1736,DKC1,1736
287,443,2,HER2-enriched,46,829,0.12798348730910494,0.08917907632315909,0.03880441098594585,0.36543643898605377,,,INA|9118,INA,9118
288,739,2,HER2-enriched,46,829,0.5200223457855554,0.5013346302220237,0.01868771556353166,0.36184399052807625,,,RBM38|55544,RBM38,55544
289,77,2,HER2-enriched,46,829,0.5292663788298915,0.5182667445312703,0.010999634298621164,0.3597686095793544,,,BRIX1|55299,BRIX1,55299
290,949,2,HER2-enriched,46,829,0.5388609037160627,0.5171125782221424,0.02174832549392025,0.3592739472382312,,,UBE2E3|10477,UBE2E3,10477
291,599,2,HER2-enriched,46,829,0.5529949797373509,0.5395942283910968,0.01340075134625407,0.3581876659715764,,,NCK2|8440,NCK2,8440
292,503,2,HER2-enriched,46,829,0.5424703624189763,0.5249563435548672,0.017514018864109082,0.3574050487434985,,,LBR|3930,LBR,3930
293,274,2,HER2-enriched,46,829,0.5262145488765292,0.5158638813807169,0.01035066749581226,0.3567226572748678,,,DNAJC2|27000,DNAJC2,27000
294,310,2,HER2-enriched,46,829,0.24437270076994425,0.20751049938667496,0.03686220138326929,0.3552395383113065,,,ESYT3|83850,ESYT3,83850
295,117,2,HER2-enriched,46,829,0.5760818924050664,0.5569790813467387,0.019102811058327673,0.35487643252031814,,,C4orf34|201895,C4ORF34,201895
296,284,2,HER2-enriched,46,829,0.4104207606121197,0.3890374222991943,0.021383338312925382,0.35428759606236,,,DSCC1|79075,DSCC1,79075
297,890,2,HER2-enriched,46,829,0.4899090774683788,0.479363397995817,0.010545679472561797,0.3531854210213556,,,TEX10|54881,TEX10,54881
298,554,2,HER2-enriched,46,829,0.6221528430423487,0.6095923040550527,0.012560538987296033,0.35052551264098364,,,MCM3|4172,MCM3,4172
299,940,2,HER2-enriched,46,829,0.5066276770369814,0.48960694081083395,0.01702073622614747,0.3490378179042817,,,TTLL4|9654,TTLL4,9654
300,628,2,HER2-enriched,46,829,0.5352249265599467,0.5220895096216945,0.013135416938252154,0.3479423276635814,,,NUDT5|11164,NUDT5,11164
301,549,2,HER2-enriched,46,829,0.4734371403441615,0.46017557756785077,0.013261562776310742,0.34451694426770607,,,MASTL|84930,MASTL,84930
302,390,2,HER2-enriched,46,829,0.6244094411013044,0.6129478674689863,0.011461573632318034,0.34295396784686333,,,GLT25D1|79709,GLT25D1,79709
303,744,2,HER2-enriched,46,829,0.550722155734649,0.513001365613555,0.03772079012109397,0.34282735013551524,,,REEP6|92840,REEP6,92840
304,442,2,HER2-enriched,46,829,0.4860857180038338,0.4645431699424745,0.0215425480613593,0.3422460155709382,,,IMPA2|3613,IMPA2,3613
305,412,2,HER2-enriched,46,829,0.5735231557821526,0.5618940163903131,0.011629139391839516,0.33854725739121927,,,GTPBP4|23560,GTPBP4,23560
306,425,2,HER2-enriched,46,829,0.25944466790457144,0.22496133504996155,0.03448333285460989,0.3384237352273823,,,HPDL|84842,HPDL,84842
307,511,2,HER2-enriched,46,829,0.5704229890134112,0.5495820199599146,0.020840969053496528,0.3373394999988509,,,LMO4|8543,LMO4,8543
308,393,2,HER2-enriched,46,829,0.5267393866758203,0.5182140132560844,0.008525373419735915,0.3370686698322857,,,GOLGA1|2800,GOLGA1,2800
309,260,2,HER2-enriched,46,829,0.15258128972142954,0.12381979346494601,0.028761496256483526,0.3351831753604398,,,DDN|23109,DDN,23109
310,201,2,HER2-enriched,46,829,0.4307992041854257,0.41560788814257865,0.01519131604284707,0.3348817452454637,,,CHEK2|11200,CHEK2,11200
311,740,2,HER2-enriched,46,829,0.3229783574983845,0.29098401425734144,0.031994343241043055,0.33138768640450816,,,RCOR2|283248,RCOR2,283248
312,219,2,HER2-enriched,46,829,0.25396580019619625,0.21829329786927545,0.03567250232692079,0.3281597287440642,,,CNGA1|1259,CNGA1,1259
313,595,2,HER2-enriched,46,829,0.5916117688842208,0.5780326800963996,0.013579088787821214,0.327567544046718,,,NCAPD2|9918,NCAPD2,9918
314,664,2,HER2-enriched,46,829,0.07997723035919792,0.05205172837364124,0.027925501985556676,0.3234785693319296,,,PGLYRP4|57115,PGLYRP4,57115
315,871,2,HER2-enriched,46,829,0.4179054526490741,0.3871352844218761,0.03077016822719797,0.32295476089941433,,,SYT17|51760,SYT17,51760
316,439,2,HER2-enriched,46,829,0.264588041512181,0.227055166378437,0.03753287513374401,0.3179226389793513,,,IL12RB2|3595,IL12RB2,3595
317,360,2,HER2-enriched,46,829,0.6593310407491587,0.6087010825743399,0.050629958174818857,0.31777722300769107,,,FOXA1|3169,FOXA1,3169
318,14,2,HER2-enriched,46,829,0.565722539400127,0.5549961808911443,0.010726358508982625,0.3156005117366782,,,ACTL6A|86,ACTL6A,86
319,9,2,HER2-enriched,46,829,0.398172516297333,0.37461352030228856,0.023558995995044463,0.3150167741615843,,,ABTB2|25841,ABTB2,25841
320,480,2,HER2-enriched,46,829,0.38967473767702937,0.35385316912787695,0.035821568549152416,0.3144136880952216,,,KIF18B|146909,KIF18B,146909
321,48,2,HER2-enriched,46,829,0.4780718573786537,0.4365930953399009,0.04147876203875278,0.3122063502103766,,,AR|367,AR,367
322,421,2,HER2-enriched,46,829,0.051264460151849704,0.0372810158284013,0.013983444323448405,0.31111022154218326,,,HIST1H2AH|85235,HIST1H2AH,85235
323,717,2,HER2-enriched,46,829,0.08721999827766463,0.06980425445438349,0.01741574382328115,0.3104132929159182,,,PTTG3P|26255,PTTG3P,26255
324,969,2,HER2-enriched,46,829,0.41700656747617354,0.40243636888720397,0.014570198588969574,0.3047231922173509,,,WDR67|93594,WDR67,93594
325,695,2,HER2-enriched,46,829,0.42159221463341623,0.41031541578166486,0.011276798851751368,0.29980800231417115,,,PRIM2|5558,PRIM2,5558
326,187,2,HER2-enriched,46,829,0.5662610730058142,0.5503474419052443,0.01591363110056987,0.29838091193320226,,,CEBPB|1051,CEBPB,1051
327,270,2,HER2-enriched,46,829,0.06143090525121173,0.040757314321562155,0.020673590929649578,0.2978064660332476,,,DMRTA2|63950,DMRTA2,63950
328,113,2,HER2-enriched,46,829,0.47305959240756434,0.4561294482015878,0.01693014420597655,0.29215668518189675,,,C2orf55|343990,C2ORF55,343990
329,209,2,HER2-enriched,46,829,0.5358069745784036,0.5265714392308238,0.009235535347579815,0.2913794555736265,,,CIRH1A|84916,CIRH1A,84916
330,26,2,HER2-enriched,46,829,0.5905380167906745,0.5779851859856716,0.012552830805002912,0.29115635374469767,,,AMD1|262,AMD1,262
331,62,2,HER2-enriched,46,829,0.43771715858212723,0.4137529898136077,0.023964168768519534,0.28844145155714407,,,B3GNT5|84002,B3GNT5,84002
332,794,2,HER2-enriched,46,829,0.6945337051771899,0.687343958900175,0.007189746277014963,0.284400073526021,,,SERBP1|26135,SERBP1,26135
333,79,2,HER2-enriched,46,829,0.47785272850508853,0.46087731026797746,0.016975418237111073,0.2819287501631481,,,BTG3|10950,BTG3,10950
334,923,2,HER2-enriched,46,829,0.4913559164382487,0.47581426339327726,0.01554165304497146,0.28071435202925854,,,TRIM3|10612,TRIM3,10612
335,625,2,HER2-enriched,46,829,0.5076287044543055,0.49701469607915955,0.010614008375145978,0.26633384662043885,,,NUDCD1|84955,NUDCD1,84955
336,236,2,HER2-enriched,46,829,0.45023352829723484,0.4325287231306194,0.017704805166615434,0.26505519743408196,,,CSRP2|1466,CSRP2,1466
337,946,2,HER2-enriched,46,829,0.49473921774825647,0.47523924872316226,0.01949996902509421,0.2645965678412685,,,TYMS|7298,TYMS,7298
338,978,2,HER2-enriched,46,829,0.5724151488288534,0.5632146829939823,0.009200465834871108,0.26275142139533836,,,XPO5|57510,XPO5,57510
339,534,2,HER2-enriched,46,829,0.22424595447837714,0.18153572991527217,0.04271022456310497,0.26059570019327105,,,LY6D|8581,LY6D,8581
340,710,2,HER2-enriched,46,829,0.25643272852792626,0.21829917604376203,0.038133552484164224,0.25885888616000285,,,PTCHD1|139411,PTCHD1,139411
341,798,2,HER2-enriched,46,829,0.5951586987464338,0.5895442845709634,0.0056144141754703725,0.258303536915998,,,SF3A3|10946,SF3A3,10946
342,632,2,HER2-enriched,46,829,0.51584422590227,0.5003542087181182,0.015490017184151772,0.2567856958983197,,,NXN|64359,NXN,64359
343,603,2,HER2-enriched,46,829,0.43638650150881836,0.42699289444779104,0.00939360706102732,0.25500442199730305,,,NDUFAF4|29078,NDUFAF4,29078
344,750,2,HER2-enriched,46,829,0.12217381508705141,0.10224122657611075,0.019932588510940666,0.25277334403498164,,,RGS20|8601,RGS20,8601
345,262,2,HER2-enriched,46,829,0.6269235413961369,0.6167675770869757,0.010155964309161214,0.2521498194152452,,,DEK|7913,DEK,7913
346,35,2,HER2-enriched,46,829,0.417053860264985,0.39905233133495155,0.018001528930033428,0.2497199766401263,,,ANKS6|203286,ANKS6,203286
347,584,2,HER2-enriched,46,829,0.4558931501058216,0.44175222553625937,0.01414092456956223,0.24895873160685184,,,MTHFD1L|25902,MTHFD1L,25902
348,374,2,HER2-enriched,46,829,0.22037277470754726,0.19016680663562965,0.03020596807191761,0.24372237887767448,,,GAL|51083,GAL,51083
349,431,2,HER2-enriched,46,829,0.5190729773475917,0.5081793222313932,0.010893655116198553,0.24068317439552658,,,IFRD1|3475,IFRD1,3475
350,575,2,HER2-enriched,46,829,0.3151275893511184,0.2938290119235149,0.021298577427603493,0.24019704280341195,,,MPP6|51678,MPP6,51678
351,328,2,HER2-enriched,46,829,0.5625779067204363,0.5473807305600061,0.015197176160430148,0.23754055063578647,,,FAM174B|400451,FAM174B,400451
352,577,2,HER2-enriched,46,829,0.543998593204068,0.534792770486587,0.009205822717480938,0.23722849960270503,,,MRPL15|29088,MRPL15,29088
353,970,2,HER2-enriched,46,829,0.5230213818468493,0.5165349748293033,0.006486407017545992,0.2361215804471964,,,WDR77|79084,WDR77,79084
354,413,2,HER2-enriched,46,829,0.3886726080833807,0.38206210854726547,0.006610499536115255,0.23343626650187044,,,GTPBP8|29083,GTPBP8,29083
355,259,2,HER2-enriched,46,829,0.560019821097482,0.5498209465770569,0.010198874520425116,0.23168358068766223,,,DCAF13|25879,DCAF13,25879
356,69,2,HER2-enriched,46,829,0.4545835848303446,0.4212395370175972,0.03334404781274741,0.23036802428447267,,,BCAS1|8537,BCAS1,8537
357,991,2,HER2-enriched,46,829,0.03911016749622606,0.026571993345615785,0.012538174150610277,0.22987534720611907,,,ZNF280A|129025,ZNF280A,129025
358,583,2,HER2-enriched,46,829,0.4831158943248077,0.4743752524292078,0.008740641895599921,0.22363133147126726,,,MTERFD1|51001,MTERFD1,51001
359,185,2,HER2-enriched,46,829,0.40497023213575245,0.38251540236606396,0.02245482976968849,0.22296052024161198,,,CDKN2A|1029,CDKN2A,1029
360,88,2,HER2-enriched,46,829,0.05788246905712595,0.04023874617492372,0.01764372288220223,0.2228362479461154,,,C11orf86|254439,C11ORF86,254439
361,13,2,HER2-enriched,46,829,0.43829531254820214,0.415226600706566,0.02306871184163617,0.2182521617385643,,,ACOX2|8309,ACOX2,8309
362,951,2,HER2-enriched,46,829,0.5454831995390211,0.5378270722468982,0.0076561272921229495,0.2180775219913832,,,UBE2V2|7336,UBE2V2,7336
363,134,2,HER2-enriched,46,829,0.3846346728354342,0.3752415455752949,0.0093931272601393,0.21624545716832302,,,C9orf40|55071,C9ORF40,55071
364,288,2,HER2-enriched,46,829,0.1930730917039847,0.16817120819873443,0.024901883505250272,0.21511443924177437,,,DUSP9|1852,DUSP9,1852
365,373,2,HER2-enriched,46,829,0.5886244112755344,0.5766792518031939,0.011945159472340539,0.21469406903079663,,,GALNT10|55568,GALNT10,55568
366,762,2,HER2-enriched,46,829,0.5843567810930215,0.5776942733869547,0.0066625077060668,0.21453970633624653,,,RNF103|7844,RNF103,7844
367,738,2,HER2-enriched,46,829,0.48164092146652865,0.47581492922542645,0.005825992241102196,0.21378687298779003,,,RBM28|55131,RBM28,55131
368,770,2,HER2-enriched,46,829,0.55616382798445,0.5501801231970579,0.0059837047873920746,0.21047158756868117,,,RRP1B|23076,RRP1B,23076
369,540,2,HER2-enriched,46,829,0.492326116506349,0.48519276003769446,0.007133356468654539,0.20993491020035174,,,MAGOH|4116,MAGOH,4116
370,672,2,HER2-enriched,46,829,0.2315227513970948,0.19729343772019117,0.03422931367690363,0.2093864565720342,,,PI3|5266,PI3,5266
371,752,2,HER2-enriched,46,829,0.18087013260261345,0.15336357599738398,0.027506556605229465,0.20921044976455846,,,RHCG|51458,RHCG,51458
372,804,2,HER2-enriched,46,829,0.08162509360167637,0.06439551719403651,0.017229576407639863,0.20807885913219687,,,SH3GL3|6457,SH3GL3,6457
373,436,2,HER2-enriched,46,829,0.2108578074740437,0.193639294218694,0.017218513255349704,0.20586246549409556,,,IGF2BP3|10643,IGF2BP3,10643
374,820,2,HER2-enriched,46,829,0.11519817380518166,0.09501669900239337,0.020181474802788285,0.200058795569284,,,SLC26A9|115019,SLC26A9,115019
375,964,2,HER2-enriched,46,829,0.25956405283674444,0.2248186647913814,0.034745388045363035,0.19820033876881865,,,VGLL1|51442,VGLL1,51442
376,321,2,HER2-enriched,46,829,0.4246361425240973,0.41550988567044334,0.00912625685365398,0.19810619486285996,,,FAM123B|139285,FAM123B,139285
377,947,2,HER2-enriched,46,829,0.38294495199489575,0.37031065754970216,0.012634294445193595,0.19602805861968256,,,UBASH3B|84959,UBASH3B,84959
378,711,2,HER2-enriched,46,829,0.5952394233088816,0.5878806210220228,0.007358802286858812,0.19554632170854278,,,PTDSS1|9791,PTDSS1,9791
379,241,2,HER2-enriched,46,829,0.23961420272281017,0.21661448571249184,0.022999717010318332,0.19213632424387775,,,CXCL1|2919,CXCL1,2919
380,106,2,HER2-enriched,46,829,0.4378736323307875,0.42905388893356344,0.008819743397224078,0.19067457544800762,,,C1orf112|55732,C1ORF112,55732
381,406,2,HER2-enriched,46,829,0.4906308669940276,0.4811512146344564,0.009479652359571156,0.18351698067318506,,,GPSM2|29899,GPSM2,29899
382,753,2,HER2-enriched,46,829,0.5614215542364243,0.5563937462450331,0.005027807991391131,0.18325870979806289,,,RHEB|6009,RHEB,6009
383,81,2,HER2-enriched,46,829,0.4925142610141891,0.4852487592628332,0.0072655017513559295,0.179495772692345,,,BYSL|705,BYSL,705
384,386,2,HER2-enriched,46,829,0.4069089867417863,0.39400666991551136,0.012902316826274962,0.1794554269673326,,,GINS4|84296,GINS4,84296
385,676,2,HER2-enriched,46,829,0.6428707877272735,0.6354669032100705,0.007403884517202974,0.1775653917307264,,,PLOD1|5351,PLOD1,5351
386,418,2,HER2-enriched,46,829,0.7072786133677921,0.7005665012534324,0.006712112114359625,0.17546987422518093,,,HDGF|3068,HDGF,3068
387,862,2,HER2-enriched,46,829,0.5695769048857443,0.5640236303397823,0.005553274545961995,0.1721166004194304,,,STK38|11329,STK38,11329
388,727,2,HER2-enriched,46,829,0.08163361668334175,0.06657098454572428,0.015062632137617465,0.17027162838555607,,,RAET1L|154064,RAET1L,154064
389,51,2,HER2-enriched,46,829,0.5578477590021906,0.5465102420694128,0.011337516932777847,0.1698516988493315,,,ATAD2|29028,ATAD2,29028
390,27,2,HER2-enriched,46,829,0.1759202400047836,0.15637628788347085,0.01954395212131274,0.16592391840859513,,,AMY1A|276,AMY1A,276
391,612,2,HER2-enriched,46,829,0.5320849217073053,0.5256171362875233,0.006467785419781991,0.16411343315250804,,,NOP2|4839,NOP2,4839
392,416,2,HER2-enriched,46,829,0.4696161700718989,0.45584391070164243,0.013772259370256446,0.1626676590150105,,,HAPLN3|145864,HAPLN3,145864
393,928,2,HER2-enriched,46,829,0.11570680680297196,0.09954822207229515,0.016158584730676814,0.1612450598070532,,,TRPM8|79054,TRPM8,79054
394,743,2,HER2-enriched,46,829,0.6839223843828709,0.6783709527061778,0.0055514316766931415,0.15655832730991948,,,REEP5|7905,REEP5,7905
395,318,2,HER2-enriched,46,829,0.5416346133978346,0.5380793319048769,0.003555281492957696,0.15160608273662543,,,FAF1|11124,FAF1,11124
396,953,2,HER2-enriched,46,829,0.4534450859016104,0.44915258806769803,0.00429249783391239,0.1508005550809638,,,UBXN2A|165324,UBXN2A,165324
397,983,2,HER2-enriched,46,829,0.5043731378042946,0.49604644467787296,0.008326693126421647,0.1505253773308337,,,ZBTB42|100128927,ZBTB42,100128927
398,568,2,HER2-enriched,46,829,0.4401416297677933,0.42687423674671243,0.013267393021080875,0.14462110416404833,,,MID1|4281,MID1,4281
399,151,2,HER2-enriched,46,829,0.49790784133799565,0.49102436587374676,0.006883475464248889,0.14255726522717194,,,CCDC125|202243,CCDC125,202243
400,653,2,HER2-enriched,46,829,0.5248511541911871,0.5197690906493148,0.00508206354187235,0.13996022171308606,,,PDCD5|9141,PDCD5,9141
401,256,2,HER2-enriched,46,829,0.5323704371866256,0.526947480270153,0.005422956916472543,0.13969395859135056,,,DALRD3|55152,DALRD3,55152
402,974,2,HER2-enriched,46,829,0.20445730509793336,0.1880953649762677,0.01636194012166567,0.1389820930204021,,,WNT6|7475,WNT6,7475
403,965,2,HER2-enriched,46,829,0.4538177557762029,0.44421438488886933,0.009603370887333595,0.13573399426437552,,,VIPR1|7433,VIPR1,7433
404,358,2,HER2-enriched,46,829,0.07003629607342507,0.05964311480047036,0.010393181272954709,0.13343376688980937,,,FMO6P|388714,FMO6P,388714
405,526,2,HER2-enriched,46,829,0.08889636356017672,0.07804087609237474,0.010855487467801975,0.13318657378519566,,,LPO|4025,LPO,4025
406,699,2,HER2-enriched,46,829,0.45903171989459,0.44243447492149074,0.01659724497309928,0.13232702920306383,,,PRR15|222171,PRR15,222171
407,838,2,HER2-enriched,46,829,0.5061893760848628,0.4985806125669841,0.007608763517878703,0.12677676517885966,,,SNED1|25992,SNED1,25992
408,250,2,HER2-enriched,46,829,0.18850953805418968,0.1764600273329439,0.012049510721245799,0.1257691346554383,,,CYP27C1|339761,CYP27C1,339761
409,224,2,HER2-enriched,46,829,0.22524897576778458,0.21191727727305487,0.013331698494729705,0.12453426127748904,,,COL11A2|1302,COL11A2,1302
410,402,2,HER2-enriched,46,829,0.37256010030689346,0.36515401168562267,0.00740608862127079,0.12238688300820387,,,GPR161|23432,GPR161,23432
411,825,2,HER2-enriched,46,829,0.5401524282293665,0.5213447792358967,0.01880764899346976,0.11809846703017443,,,SLC44A4|80736,SLC44A4,80736
412,499,2,HER2-enriched,46,829,0.12012039184145885,0.10678002258702024,0.013340369254438614,0.11799007143257642,,,KRT83|3889,KRT83,3889
413,858,2,HER2-enriched,46,829,0.3670629628975074,0.3565495742400193,0.010513388657488076,0.11343736562803565,,,ST8SIA1|6489,ST8SIA1,6489
414,452,2,HER2-enriched,46,829,0.5413537885540343,0.5382830362568036,0.003070752297230639,0.11249078116988613,,,JKAMP|51528,JKAMP,51528
415,995,2,HER2-enriched,46,829,0.4568417168666693,0.4493572783266335,0.007484438540035776,0.111821127216517,,,ZNF467|168544,ZNF467,168544
416,929,2,HER2-enriched,46,829,0.6483771986022093,0.6424130307877168,0.005964167814492494,0.11107060158920969,,,TSC22D3|1831,TSC22D3,1831
417,34,2,HER2-enriched,46,829,0.16787046484973975,0.15954509433761518,0.008325370512124564,0.11050037368414009,,,ANKRD45|339416,ANKRD45,339416
418,282,2,HER2-enriched,46,829,0.5568680354918506,0.547645775783635,0.009222259708215552,0.10674437555233998,,,DSC2|1824,DSC2,1824
419,345,2,HER2-enriched,46,829,0.17476797061291977,0.161191867641713,0.01357610297120676,0.10633826072178851,,,FBN3|84467,FBN3,84467
420,411,2,HER2-enriched,46,829,0.6235976994447603,0.6154083461196638,0.008189353325096516,0.10444152280633942,,,GSTP1|2950,GSTP1,2950
421,6,2,HER2-enriched,46,829,0.5326540157880573,0.5271913057138585,0.00546271007419874,0.10332668874380983,,,ABCG1|9619,ABCG1,9619
422,933,2,HER2-enriched,46,829,0.515352003725123,0.5018195024233868,0.013532501301736222,0.10255449577890255,,,TSPAN1|10103,TSPAN1,10103
423,713,2,HER2-enriched,46,829,0.4994150186072189,0.4964029174814789,0.0030121011257399632,0.10084796745658722,,,PTPN2|5771,PTPN2,5771
424,697,2,HER2-enriched,46,829,0.49964647341215956,0.4934820670372845,0.006164406374875087,0.10003163266915205,,,PRKX|5613,PRKX,5613
425,212,2,HER2-enriched,46,829,0.3609624515660311,0.3526994559550342,0.00826299561099686,0.09679312859438473,,,CLCN4|1183,CLCN4,1183
426,103,2,HER2-enriched,46,829,0.12002883616968454,0.10911549661541178,0.01091333955427276,0.09591080002889182,,,C1QL2|165257,C1QL2,165257
427,646,2,HER2-enriched,46,829,0.5179772407527454,0.5154843827153893,0.002492858037356105,0.09295373039704492,,,PAPD7|11044,PAPD7,11044
428,742,2,HER2-enriched,46,829,0.43234519190297604,0.42408408787173185,0.008261104031244193,0.08636929721243035,,,REEP1|65055,REEP1,65055
429,427,2,HER2-enriched,46,829,0.050278040798926206,0.04519276782530922,0.0050852729736169874,0.08628025570876446,,,HRK|8739,HRK,8739
430,58,2,HER2-enriched,46,829,0.5798568656830809,0.5750219526533379,0.004834913029743038,0.08470013316236961,,,ATP8B1|5205,ATP8B1,5205
431,829,2,HER2-enriched,46,829,0.3008153496964332,0.28594946044000713,0.014865889256426068,0.08309363545041196,,,SLC6A14|11254,SLC6A14,11254
432,302,2,HER2-enriched,46,829,0.5708488933554409,0.5651802553586565,0.005668637996784409,0.07793704376781829,,,ENPP1|5167,ENPP1,5167
433,89,2,HER2-enriched,46,829,0.4987551916823235,0.49625814413073427,0.0024970475515892487,0.07413047249128735,,,C12orf11|55726,C12ORF11,55726
434,44,2,HER2-enriched,46,829,0.3560784580516609,0.3495724647253992,0.006505993326261672,0.07136883558471155,,,ARHGEF4|50649,ARHGEF4,50649
435,522,2,HER2-enriched,46,829,0.1787888038917325,0.1706184509764645,0.008170352915267992,0.06849602372988128,,,LOC84740|84740,LOC84740,84740
436,678,2,HER2-enriched,46,829,0.1871268808016552,0.18012390770710396,0.007002973094551251,0.0683098128018651,,,PNMA3|29944,PNMA3,29944
437,381,2,HER2-enriched,46,829,0.15066167987950074,0.14388042827307052,0.0067812516064302275,0.06408841810268022,,,GFRA3|2676,GFRA3,2676
438,102,2,HER2-enriched,46,829,0.30765316199398657,0.3004048415464551,0.007248320447531487,0.06349528748270017,,,C19orf51|352909,C19ORF51,352909
439,278,2,HER2-enriched,46,829,0.1783469433639676,0.17034715907726566,0.00799978428670195,0.06184521891151918,,,DNER|92737,DNER,92737
440,461,2,HER2-enriched,46,829,0.18018678103463345,0.17314782583603458,0.007038955198598873,0.05846450013438099,,,KCNS1|3787,KCNS1,3787
441,225,2,HER2-enriched,46,829,0.2711815356214378,0.26458305125936793,0.00659848436206989,0.056593388837107406,,,COL22A1|169044,COL22A1,169044
442,332,2,HER2-enriched,46,829,0.051938058594319735,0.04852900194875918,0.003409056645560557,0.05374845843463637,,,FAM19A4|151647,FAM19A4,151647
443,510,2,HER2-enriched,46,829,0.02712055687828433,0.023509989110447663,0.003610567767836668,0.0509690045167687,,,LIN28B|389421,LIN28B,389421
444,395,2,HER2-enriched,46,829,0.5830149960187476,0.580215318173407,0.0027996778453406312,0.04975792616545211,,,GPD1L|23171,GPD1L,23171
445,824,2,HER2-enriched,46,829,0.5549726267535238,0.5524595307495668,0.002513096003956994,0.048957152150367396,,,SLC43A3|29015,SLC43A3,29015
446,269,2,HER2-enriched,46,829,0.04026513422582874,0.036869617810371916,0.003395516415456823,0.04591636410613596,,,DMRT1|1761,DMRT1,1761
447,719,2,HER2-enriched,46,829,0.4958936836966389,0.4939905455484686,0.0019031381481702803,0.04297955441534268,,,PVR|5817,PVR,5817
448,366,2,HER2-enriched,46,829,0.09962959996081046,0.09566149639463145,0.003968103566179007,0.04241594283295112,,,FSD1|79187,FSD1,79187
449,509,2,HER2-enriched,46,829,0.6283795775091631,0.626638212976373,0.0017413645327900573,0.03605166111303012,,,LIMA1|51474,LIMA1,51474
450,64,2,HER2-enriched,46,829,0.3146340710477795,0.3088928637710958,0.005741207276683702,0.03534424717627081,,,BBOX1|8424,BBOX1,8424
451,216,2,HER2-enriched,46,829,0.5542111798893609,0.5518782545201919,0.002332925369168959,0.03176726928541744,,,CMBL|134147,CMBL,134147
452,53,2,HER2-enriched,46,829,0.05618258741894963,0.054629026835218246,0.0015535605837313851,0.029412565681871117,,,ATOH7|220202,ATOH7,220202
453,240,2,HER2-enriched,46,829,0.571200850199566,0.5687161724752937,0.0024846777242722995,0.024682179834258074,,,CX3CL1|6376,CX3CL1,6376
454,233,2,HER2-enriched,46,829,0.49370720457578937,0.4922377410240782,0.001469463551711181,0.02379168065314086,,,CROT|54677,CROT,54677
455,45,2,HER2-enriched,46,829,0.1765999393605138,0.1745304895815783,0.0020694497789355004,0.022724347369434596,,,ARL9|132946,ARL9,132946
456,931,2,HER2-enriched,46,829,0.6584787916554224,0.6572122751420472,0.001266516513375282,0.01970057985700722,,,TSPAN13|27075,TSPAN13,27075
457,768,2,HER2-enriched,46,829,0.48067855799697745,0.4802014734637583,0.000477084533219152,0.018807907487843514,,,RPIA|22934,RPIA,22934
458,544,2,HER2-enriched,46,829,0.5839427317811867,0.583348001341948,0.0005947304392387442,0.01773669885255203,,,MAN2B2|23324,MAN2B2,23324
459,518,2,HER2-enriched,46,829,0.2825372279870844,0.28040772885556425,0.002129499131520163,0.01714362615259511,,,LOC145837|145837,LOC145837,145837
460,822,2,HER2-enriched,46,829,0.6200620894834222,0.6195815842335034,0.0004805052499188278,0.015522795885664834,,,SLC39A9|55334,SLC39A9,55334
461,638,2,HER2-enriched,46,829,0.08845161659024811,0.08687050896944051,0.001581107620807598,0.015138668496960599,,,OPRK1|4986,OPRK1,4986
462,911,2,HER2-enriched,46,829,0.09956653670456586,0.09850230070225949,0.0010642360023063735,0.014264576838323774,,,TMEM74|157753,TMEM74,157753
463,570,2,HER2-enriched,46,829,0.6395094975613062,0.6379939911019749,0.001515506459331295,0.012901462992562125,,,MLPH|79083,MLPH,79083
464,782,2,HER2-enriched,46,829,0.572537731276144,0.5712341362185226,0.0013035950576214539,0.011904614477573938,,,SCNN1A|6337,SCNN1A,6337
465,304,2,HER2-enriched,46,829,0.4873436847741487,0.48664942471187,0.0006942600622786843,0.01141432000854735,,,EPB41L4A|64097,EPB41L4A,64097
466,688,2,HER2-enriched,46,829,0.10848171662312751,0.10774093332779318,0.0007407832953343352,0.01109629050978924,,,POU5F1|5460,POU5F1,5460
467,801,2,HER2-enriched,46,829,0.3523183369185695,0.35194252815630356,0.00037580876226595006,0.008316828159597726,,,SFT2D2|375035,SFT2D2,375035
468,144,2,HER2-enriched,46,829,0.0559787030668522,0.055499624122715606,0.00047907894413659613,0.0059677440306491955,,,CAMKV|79012,CAMKV,79012
